"type","name","address","ttl","comment","disabled","zone"
"a","abrs.ch","149.126.4.73","3600","","False","abrs.ch"
"a","autonom-daheim.ch","185.178.61.61","3600","","False","autonom-daheim.ch"
"a","www.autonom-daheim.ch","185.178.61.61","30","","False","autonom-daheim.ch"
"a","autonome-chez-soi.ch","185.178.61.61","30","","False","autonome-chez-soi.ch"
"a","www.autonome-chez-soi.ch","185.178.61.61","30","","False","autonome-chez-soi.ch"
"a","autonomi-a-casa.ch","185.178.61.61","3600","","False","autonomi-a-casa.ch"
"a","www.autonomi-a-casa.ch","185.178.61.61","30","","False","autonomi-a-casa.ch"
"a","banca-regionale.ch","149.126.4.73","3600","","False","banca-regionale.ch"
"a","bancaregionale.ch","149.126.4.73","3600","","False","bancaregionale.ch"
"a","banche-regionali.ch","149.126.4.73","3600","","False","banche-regionali.ch"
"a","banque-regionale.ch","149.126.4.73","3600","","False","banque-regionale.ch"
"a","banqueregionale.ch","149.126.4.73","3600","","False","banqueregionale.ch"
"a","banques-regionales.ch","149.126.4.73","3600","","False","banques-regionales.ch"
"a","banquesregionales.ch","149.126.4.73","3600","","False","banquesregionales.ch"
"a","berner-krankenversicherer.ch","194.88.196.6","3600","","False","berner-krankenversicherer.ch"
"a","bernerkrankenversicherer.ch","194.88.196.6","3600","","False","bernerkrankenversicherer.ch"
"a","adfs.bsiintra.ch","185.178.61.211","3600","","False","bsiintra.ch"
"a","directa.ch","4.226.8.64","3600","","False","directa.ch"
"a","entris-banking.ch","149.126.4.59","3600","","False","entris-banking.ch"
"a","crl.entris-banking.ch","185.178.60.81","3600","","False","entris-banking.ch"
"a","iks.entris-banking.ch","51.107.9.30","3600","","False","entris-banking.ch"
"a","iks-test.entris-banking.ch","51.107.9.30","3600","","False","entris-banking.ch"
"a","iquotes.entris-banking.ch","193.5.66.149","3600","","False","entris-banking.ch"
"a","panoramix.prod.entris-banking.ch","171.25.20.215","3600","","False","entris-banking.ch"
"a","webgallier.prod.entris-banking.ch","171.25.20.215","3600","","False","entris-banking.ch"
"a","proview-val.entris-banking.ch","163.168.72.20","3600","","False","entris-banking.ch"
"a","securemail.entris-banking.ch","185.178.62.13","300","","False","entris-banking.ch"
"a","vpn2corp.entris-banking.ch","185.178.61.164","3600","","False","entris-banking.ch"
"a","vpn2corp-test.entris-banking.ch","185.178.61.165","3600","","False","entris-banking.ch"
"a","wwwsec.entris-banking.ch","193.223.21.49","3600","","False","entris-banking.ch"
"a","wwwsec-t.entris-banking.ch","193.223.21.16","3600","","False","entris-banking.ch"
"a","sbc1.entris-banking.ch","185.178.62.7","3600","","False","entris-banking.ch"
"a","sbc2.entris-banking.ch","185.178.62.8","3600","","False","entris-banking.ch"
"a","mx3.entris-banking.ch","185.178.62.14","3600","mpa / 27-03-2024 / CR 8134039","False","entris-banking.ch"
"a","mx4.entris-banking.ch","185.178.62.15","3600","mpa / 27-03-2024 / CR 8134039","False","entris-banking.ch"
"a","mx1.entris-banking.ch","185.178.62.11","3600","mpa / 11-04-2024 / CR 8134039","False","entris-banking.ch"
"a","mx2.entris-banking.ch","185.178.62.12","3600","mpa / 11-04-2024 / CR 8134039","False","entris-banking.ch"
"a","mxhybrid.entris-banking.ch","185.178.62.22","3600","mpa / 11-04-2024 / CR 8134039","False","entris-banking.ch"
"a","mxhybrid.entris-banking.ch","185.178.62.23","3600","mpa / 11-04-2024 / CR 8134039","False","entris-banking.ch"
"a","zuko.entris-banking.ch","5.57.206.154","3600","sbe / 10.12.2024 / CR 6254402 ","False","entris-banking.ch"
"a","panoramix.test.entris-banking.ch","171.25.20.216","3600","","False","entris-banking.ch"
"a","webgallier.test.entris-banking.ch","171.25.20.216","3600","","False","entris-banking.ch"
"a","staging.entris-banking.ch","149.126.4.59","3600","mri / 12.11.2025 / CR 8174477","False","entris-banking.ch"
"a","entris-bankning.ch","195.48.45.5","3600","","False","entris-bankning.ch"
"a","entris-bankning.ch","149.126.4.73","3600","","False","entris-bankning.ch"
"a","test.entris-finanz.ch","10.99.99.99","3600","Test MRI","False","entris-finanz.ch"
"a","test2.entris-finanz.ch","10.99.99.98","3600","","False","entris-finanz.ch"
"a","entris-holding.ch","149.126.4.65","3600","","False","entris-holding.ch"
"a","ftp.entris-holding.ch","149.126.4.65","3600","","False","entris-holding.ch"
"a","staging.entris-holding.ch","149.126.4.65","3600","mri / 12.11.2025 / CR 8174477","False","entris-holding.ch"
"a","entrisbanking.ch","149.126.4.59","3600","","False","entrisbanking.ch"
"a","www.gipfelbuch.gr","185.178.61.39","3600","","False","gipfelbuch.gr"
"a","gipfelbuch.gr","185.178.61.39","3600","","False","gipfelbuch.gr"
"a","gkb-extra.ch","145.252.1.15","3600","","False","gkb-extra.ch"
"a","localhost.gkb-extra.ch","127.0.0.1","3600","","False","gkb-extra.ch"
"a","www.gkb-extra.ch","145.252.1.15","3600","","False","gkb-extra.ch"
"a","gkb.digital","145.252.0.138","3600","gkb.digital -> www.gkb.ch -> www.gkb.ch/digital weiterleitung auf dem Airlock","False","gkb.digital"
"a","www.gkb.digital","145.252.0.138","3600","www.gkb.digital -> www.gkb.ch (Weiterleitung)","False","gkb.digital"
"a","gkbextra.ch","145.252.1.15","3600","","False","gkbextra.ch"
"a","localhost.gkbextra.ch","127.0.0.1","3600","","False","gkbextra.ch"
"a","www.gkbextra.ch","145.252.1.15","3600","","False","gkbextra.ch"
"a","mail.inventx-events.ch","62.12.142.98","3600","eyevip AG Event Tool for Marketing IX Wilhelm Tara","False","inventx-events.ch"
"a","www.inventx-events.ch","213.158.152.245","3600","eyevip AG Event Tool for Marketing IX Wilhelm Tara","False","inventx-events.ch"
"a","inventx-events.ch","213.158.152.245","3600","eyevip AG Event Tool for Marketing IX Wilhelm Tara","False","inventx-events.ch"
"a","inventx.com","34.65.165.226","3600","www.inventx.ch","False","inventx.com"
"a","inventx.li","34.65.165.226","3600","","False","inventx.li"
"a","inventx.swiss","34.65.165.226","3600","","False","inventx.swiss"
"a","devportal.ixofp.ch","185.178.61.155","600","","False","ixofp.ch"
"a","api.ixofp.ch","185.178.61.155","600","","False","ixofp.ch"
"a","api-test.ixofp.ch","185.178.61.155","600","","False","ixofp.ch"
"a","web-tst.db4kids.ixofp.ch","185.178.61.157","3600","mpa / 04-08-2021 / Change #8105781","False","ixofp.ch"
"a","mobile-tst.db4kids.ixofp.ch","185.178.61.157","3600","mpa / 04-08-2021 / Change #8105781","False","ixofp.ch"
"a","web.db4kids.ixofp.ch","185.178.61.156","3600","mpa / 04-08-2021 / Change #8105781","False","ixofp.ch"
"a","mobile.db4kids.ixofp.ch","185.178.61.156","3600","mpa / 04-08-2021 / Change #8105781","False","ixofp.ch"
"a","sgkb-parents-tst.db4kids.ixofp.ch","185.178.61.157","3600","mpa / 30-08-2021 / Change #8105782 / AVI LB DB4Kids Test","False","ixofp.ch"
"a","sgkb-parents.db4kids.ixofp.ch","185.178.61.156","3600","","False","ixofp.ch"
"a","nkb-backend.db4kids.ixofp.ch.ixofp.ch","185.178.61.156","120","twe / 30-08-2023 / CR 8133236","False","ixofp.ch"
"a","gkb-mobile.db4kids.ixofp.ch","185.178.61.156","3600","CR 8105782","False","ixofp.ch"
"a","gkb-parents.db4kids.ixofp.ch","185.178.61.156","3600","CR 8105782","False","ixofp.ch"
"a","sgkb-backend.db4kids.ixofp.ch","185.178.61.156","3600","CR 8105782","False","ixofp.ch"
"a","gkb-mobile-tst.db4kids.ixofp.ch","185.178.61.157","3600","CR 8105782","False","ixofp.ch"
"a","gkb-parents-tst.db4kids.ixofp.ch","185.178.61.157","3600","CR 8105782","False","ixofp.ch"
"a","db4kids-authentication-tst.db4kids.ixofp.ch","185.178.61.157","3600","CR 8105782/8131612","False","ixofp.ch"
"a","logismata-test.ixofp.ch","20.203.232.130","3600","mri / 18.02.2022 / CR# 8117263","False","ixofp.ch"
"a","logismata.ixofp.ch","51.103.154.50","3600","mpa / 04.03.2022 / CR 8117263","False","ixofp.ch"
"a","mobile-backend-tst.db4kids.ixofp.ch","185.178.61.48","3600","","False","ixofp.ch"
"a","nkb-parents.db4kids.ixofp.ch","185.178.61.156","3600","twe / 01.12.2022 / SR 6221119","False","ixofp.ch"
"a","nkb-parents-tst.db4kids.ixofp.ch","185.178.61.157","3600","twe / 01.12.2022 / SR 6221120","False","ixofp.ch"
"a","onboarding-dev.gkb.ixofp.ch","185.178.61.47","3600","","False","ixofp.ch"
"a","admin.onboarding-dev.gkb.ixofp.ch","185.178.61.47","3600","","False","ixofp.ch"
"a","ix-parents-tst.db4kids.ixofp.ch","185.178.61.157","900","mpa / 18-04-2023 / ServiceReq# 6224664","False","ixofp.ch"
"a","*.ipfrauddetection.ixofp.ch","185.178.61.12","3600","","False","ixofp.ch"
"a","datarobot.ixofp.ch","185.178.61.8","3600","twe / 17.11.2023 / SR 6233298","False","ixofp.ch"
"a","api.db4kids.ixofp.ch","185.178.62.32","3600","ServiceReq# 6242264","False","ixofp.ch"
"a","app-test.db4kids.ixofp.ch","185.178.62.56","3600","ServiceReq# 6252383","False","ixofp.ch"
"a","app.db4kids.ixofp.ch","185.178.62.57","3600","twe / 06.12.2024 / CR 8146182","False","ixofp.ch"
"a","tst.secuchat.ixofp.ch","185.178.62.82","3600","sbe / 16-05-2025 / CR#8163576 ","False","ixofp.ch"
"a","secuchat.ixofp.ch","185.178.62.81","3600","sbe / 16-05-2025 / CR#8163576 ","False","ixofp.ch"
"a","api-test.db4kids.ixofp.ch","185.178.60.129","3600","ServiceReq# 6270341 ","False","ixofp.ch"
"a","wp-extern.ixshared.ch","193.192.241.172","3600","","False","ixshared.ch"
"a","www.kpt-dev.ch","185.178.61.199","3600","","False","kpt-dev.ch"
"a","kpt-dev.ch","185.178.61.199","3600","","False","kpt-dev.ch"
"a","ciam-admin.kpt-dev.ch","185.178.61.199","3600","","False","kpt-dev.ch"
"a","author.kpt-dev.ch","185.178.61.199","3600","","False","kpt-dev.ch"
"a","portal-preview.kpt-dev.ch","185.178.61.199","3600","","False","kpt-dev.ch"
"a","api.kpt-dev.ch","185.178.61.199","3600","","False","kpt-dev.ch"
"a","api-hcf.kpt-dev.ch","185.178.61.199","3600","","False","kpt-dev.ch"
"a","media.kpt-dev.ch","185.178.61.199","3600","","False","kpt-dev.ch"
"a","conversation.kpt-dev.ch","185.178.61.199","3600","","False","kpt-dev.ch"
"a","reiseversicherung.kpt-dev.ch","185.178.61.199","3600","","False","kpt-dev.ch"
"a","admin-onsurance-ohcp.kpt-dev.ch","185.178.61.199","3600","","False","kpt-dev.ch"
"a","verwaltung-ohcp.kpt-dev.ch","185.178.61.199","3600","","False","kpt-dev.ch"
"a","comparis.kpt-dev.ch","185.178.61.199","3600","","False","kpt-dev.ch"
"a","bonus.kpt-dev.ch","185.178.61.199","3600","","False","kpt-dev.ch"
"a","scidentity.kpt-dev.ch","185.178.61.199","3600","aso / 27-07-2020 / Change #8079238 (Gerber Marco)","False","kpt-dev.ch"
"a","sts.kpt-dev.ch","185.178.61.199","3600","aso / 28-07-2020 / Change #8079238 (Marco Gerber)","False","kpt-dev.ch"
"a","adfs.kpt-dev.ch","185.178.61.199","14400","mri / 24-09-2020 / CR 8079238","False","kpt-dev.ch"
"a","www.preview.kpt-dev.ch","185.178.61.199","3600","","False","kpt-dev.ch"
"a","kollektiv.preview.kpt-dev.ch","185.178.61.199","3600","","False","kpt-dev.ch"
"a","author.preview.kpt-dev.ch","185.178.61.199","3600","","False","kpt-dev.ch"
"a","scidentity.preview.kpt-dev.ch","185.178.61.199","3600","","False","kpt-dev.ch"
"a","ima-facade.kpt-dev.ch","185.178.61.199","14400","","False","kpt-dev.ch"
"a","kpthelp-ch.kpt-dev.ch","185.178.61.199","3600","mku / 14.03.2022 / Change# 8079238","False","kpt-dev.ch"
"a","help.kpt-dev.ch","185.178.61.199","3600","mku / 14.03.2022 / Change# 8079238","False","kpt-dev.ch"
"a","kptnet.kpt-dev.ch","185.178.61.199","3600","mku / 14.03.2022 / Change# 8079238","False","kpt-dev.ch"
"a","assistant.kpt-dev.ch","185.178.61.199","3600","","False","kpt-dev.ch"
"a","corpsite.kpt-dev.ch","185.178.61.199","3600","mpa / 19-08-2025 / CR 8171047","False","kpt-dev.ch"
"a","wp-extern.kpt-tst.ch","185.178.61.206","3600","Netscaler Portal","False","kpt-tst.ch"
"a","kpt-tst.ch","185.178.61.199","3600","aso / 23-07-2020 / Change #8079238  (Sommer David)","False","kpt-tst.ch"
"a","krankenversicherung-visana.ch","4.226.8.64","3600","","False","krankenversicherung-visana.ch"
"a","localhost.krankenversicherung-visana.ch","127.0.0.1","3600","","False","krankenversicherung-visana.ch"
"a","my-visana.ch","4.226.8.64","3600","","False","my-visana.ch"
"a","mypoints.ch","4.226.8.64","3600","","False","mypoints.ch"
"a","myvisana.ch","4.226.8.64","3600","","False","myvisana.ch"
"a","localhost.myvisana.ch","127.0.0.1","3600","","False","myvisana.ch"
"a","www.pbbellerive.com","80.74.145.6","3600","old: 80.74.145.155 (8005356)","False","pbbellerive.com"
"a","pbbellerive.com","80.74.145.6","3600","","False","pbbellerive.com"
"a","pbihag.ch","80.74.154.102","3600","","False","pbihag.ch"
"a","smtp4.pbihag.ch","195.65.190.46","3600","","False","pbihag.ch"
"a","smtp1.pbihag.ch","195.65.190.41","3600","","False","pbihag.ch"
"a","smtp365.pbihag.ch","185.178.61.229","3600","","False","pbihag.ch"
"a","avconf.pbihag.ch","195.65.190.60","3600","","False","pbihag.ch"
"a","avconf.pbihag.ch","195.65.190.37","3600","","False","pbihag.ch"
"a","ucwebext01.pbihag.ch","195.65.190.140","3600","","False","pbihag.ch"
"a","webconf.pbihag.ch","195.65.190.35","3600","","False","pbihag.ch"
"a","oos.pbihag.ch","195.65.190.140","3600","","False","pbihag.ch"
"a","stage.pbihag.ch","80.74.154.102","3600","","False","pbihag.ch"
"a","online.pbihag.ch","195.65.190.166","3600","","False","pbihag.ch"
"a","www.pbihag.ch","80.74.154.102","3600","","False","pbihag.ch"
"a","mail.pbihag.ch","185.178.61.229","3600","old: 195.65.190.141","False","pbihag.ch"
"a","mx1.pbihag.ch","185.178.61.56","3600","","False","pbihag.ch"
"a","mx2.pbihag.ch","185.178.61.57","3600","","False","pbihag.ch"
"a","mxhybrid.pbihag.ch","185.178.61.58","3600","","False","pbihag.ch"
"a","mxhybrid.pbihag.ch","185.178.61.59","3600","","False","pbihag.ch"
"a","autodiscover.pbihag.ch","185.178.61.229","3600","old: 195.65.190.141","False","pbihag.ch"
"a","dev-2022.pbihag.ch","80.74.154.102","3600","","False","pbihag.ch"
"a","ssl.pbihag.ch","195.65.190.134","3600","","False","pbihag.ch"
"a","vpn2corp.pbihag.ch","185.178.61.76","3600","","False","pbihag.ch"
"a","sbc1.pbihag.ch","185.178.61.97","3600","","False","pbihag.ch"
"a","sbc2.pbihag.ch","185.178.61.98","3600","","False","pbihag.ch"
"a","secmail.pbihag.ch","185.178.61.44","900","","False","pbihag.ch"
"a","nsag.pbihag.ch","195.65.190.138","3600","","False","pbihag.ch"
"a","webconf.pbihag.ch","195.65.190.54","3600","","False","pbihag.ch"
"a","sfes.pbihag.ch","185.178.61.96","3600","","False","pbihag.ch"
"a","vpn2corp-test.pbihag.ch","185.178.61.46","3600","","False","pbihag.ch"
"a","ebanking.pbihag.ch","217.26.33.112","3600","","False","pbihag.ch"
"a","admin.privor.ch","188.92.51.17","3600","","False","privor.ch"
"a","admin-test.privor.ch","188.92.52.17","3600","","False","privor.ch"
"a","gateway.privor.ch","188.92.51.18","3600","","False","privor.ch"
"a","gateway-test.privor.ch","188.92.52.18","3600","","False","privor.ch"
"a","oauth.privor.ch","188.92.51.17","3600","","False","privor.ch"
"a","oauth-test.privor.ch","188.92.52.17","3600","","False","privor.ch"
"a","pedia-test.privor.ch","188.92.52.17","3600","","False","privor.ch"
"a","vd.privor.ch","193.223.56.169","3600","","False","privor.ch"
"a","vd-test.privor.ch","193.223.56.173","3600","","False","privor.ch"
"a","vorsorgepedia.privor.ch","188.92.51.17","3600","","False","privor.ch"
"a","vorsorgepedia-test.privor.ch","188.92.52.17","3600","","False","privor.ch"
"a","vorsorgeportal.privor.ch","188.92.51.17","3600","","False","privor.ch"
"a","vorsorgeportal-test.privor.ch","188.92.52.17","3600","","False","privor.ch"
"a","privor.ch","149.126.4.59","3600","","False","privor.ch"
"a","staging.privor.ch","149.126.4.59","3600","mku / Change# 8170507 / 31.07.2025","False","privor.ch"
"a","www.proventx.ch","94.126.20.124","3600","","False","proventx.ch"
"a","proventx.ch","94.126.20.124","3600","","False","proventx.ch"
"a","regional-banken.ch","149.126.4.73","3600","","False","regional-banken.ch"
"a","regionalbank.ch","149.126.4.73","3600","","False","regionalbank.ch"
"a","regionalbanken.ch","149.126.4.73","3600","","False","regionalbanken.ch"
"a","staging.regionalbanken.ch","149.126.4.73","3600","mri / 12.11.2025 / CR 8174477","False","regionalbanken.ch"
"a","sana-24.ch","4.226.8.64","3600","","False","sana-24.ch"
"a","localhost.sana-24.ch","127.0.0.1","3600","","False","sana-24.ch"
"a","sana24.ch","4.226.8.64","3600","","False","sana24.ch"
"a","localhost.sana24.ch","127.0.0.1","3600","","False","sana24.ch"
"a","saveyourfriends.ch","4.226.8.64","3600","","False","saveyourfriends.ch"
"a","sphereshield.stratusworks.ch","20.203.248.235","3600","","False","stratusworks.ch"
"a","xppa0152.xaas.swissic.ch","10.32.4.4","3600","Auto-created by Add Zone","False","swissic.ch"
"a","xppa0152.xaas.swissic.ch","10.32.4.38","3600","Auto-created by Add Zone","False","swissic.ch"
"a","xppa0153.xaas.swissic.ch","10.32.4.5","3600","Auto-created by Add Zone","False","swissic.ch"
"a","xppa0153.xaas.swissic.ch","10.32.4.39","3600","Auto-created by Add Zone","False","swissic.ch"
"a","test2.swissic.ch","185.178.60.23","600","","False","swissic.ch"
"a","swissic242.swissic.ch","212.243.108.242","3600","unbekannt, nach Migration wird gelöscht /FSG/20.06.2018","False","swissic.ch"
"a","swissic241.swissic.ch","212.243.108.241","3600","unbekannt, nach Migration wird gelöscht /FSG/20.06.2018","False","swissic.ch"
"a","swissic240.swissic.ch","212.243.108.240","3600","unbekannt, nach Migration wird gelöscht /FSG/20.06.2018","False","swissic.ch"
"a","secure.swissic.ch","185.178.60.24","3600","vorher: 46.140.183.123","False","swissic.ch"
"a","s3c.swissic.ch","83.144.233.120","3600","mpa / 10-05-2023 / disabled","False","swissic.ch"
"a","rdgw.swissic.ch","185.178.60.26","3600","vorher: 46.140.183.125","False","swissic.ch"
"a","crl.swissic.ch","185.178.60.81","3600","","False","swissic.ch"
"a","c4u.swissic.ch","83.144.233.120","3600","mpa / 10-05-2023 / disabled","False","swissic.ch"
"a","box.swissic.ch","83.144.233.120","3600","mpa / 10-05-2023 / disabled","False","swissic.ch"
"a","baas.swissic.ch","83.144.233.118","3600","mpa / 10-05-2023 / disabled","False","swissic.ch"
"a","asp1-intern.swissic.ch","192.168.101.123","3600","kann nicht gelöscht werden. Nessi ist am abklären /FSG/20.06.2018","False","swissic.ch"
"a","visana-ag.ch","4.226.8.64","3600","","False","visana-ag.ch"
"a","localhost.visana-ag.ch","127.0.0.1","3600","","False","visana-ag.ch"
"a","visana-ag.com","4.226.8.64","3600","","False","visana-ag.com"
"a","localhost.visana-ag.com","127.0.0.1","3600","","False","visana-ag.com"
"a","www.visana-ag.com","4.226.8.64","3600","","False","visana-ag.com"
"a","visana-club.ch","4.226.8.64","3600","","False","visana-club.ch"
"a","localhost.visana-club.ch","127.0.0.1","3600","","False","visana-club.ch"
"a","visana-finanz.ch","4.226.8.64","3600","","False","visana-finanz.ch"
"a","visana-plus.ch","4.226.8.64","3600","","False","visana-plus.ch"
"a","visana-services.com","194.88.196.6","3600","","False","visana-services.com"
"a","localhost.visana-services.com","127.0.0.1","3600","","False","visana-services.com"
"a","www.visana-services.com","194.88.196.6","3600","","False","visana-services.com"
"a","visana-versicherung.ch","4.226.8.64","3600","","False","visana-versicherung.ch"
"a","visana-versicherungen.ch","4.226.8.64","3600","","False","visana-versicherungen.ch"
"a","visana.ch","151.101.2.132","30","194.88.197.121","False","visana.ch"
"a","visana.ch","151.101.66.132","3600","","False","visana.ch"
"a","visana.ch","151.101.130.132","3600","","False","visana.ch"
"a","visana.ch","151.101.194.132","3600","","False","visana.ch"
"a","app.visana.ch","185.178.61.61","3600","","False","visana.ch"
"a","app-int01.visana.ch","185.178.61.63","3600","","False","visana.ch"
"a","app-prd01.visana.ch","185.178.61.61","3600","","False","visana.ch"
"a","autonom-daheim-int01.visana.ch","185.178.61.63","3600","","False","visana.ch"
"a","autonom-daheim-prd01.visana.ch","185.178.61.61","3600","","False","visana.ch"
"a","autonome-chez-soi-int01.visana.ch","185.178.61.63","3600","","False","visana.ch"
"a","autonome-chez-soi-prd01.visana.ch","185.178.61.61","3600","","False","visana.ch"
"a","autonomi-a-casa-int01.visana.ch","185.178.61.63","3600","","False","visana.ch"
"a","autonomi-a-casa-prd01.visana.ch","185.178.61.61","3600","","False","visana.ch"
"a","centvistest.visana.ch","217.192.234.122","3600","","False","visana.ch"
"a","conf.visana.ch","217.192.234.136","3600","","False","visana.ch"
"a","crl.visana.ch","185.178.60.81","3600","","False","visana.ch"
"a","dap.visana.ch","185.178.61.61","3600","","False","visana.ch"
"a","dap-int01.visana.ch","185.178.61.63","3600","","False","visana.ch"
"a","dap-prd01.visana.ch","185.178.61.61","3600","","False","visana.ch"
"a","entry.visana.ch","185.178.61.61","3600","","False","visana.ch"
"a","entry-dev01.visana.ch","185.178.61.62","3600","","False","visana.ch"
"a","entry-int01.visana.ch","185.178.61.63","3600","","False","visana.ch"
"a","entry-prd01.visana.ch","185.178.61.61","3600","","False","visana.ch"
"a","entry-tst04.visana.ch","185.178.61.62","3600","","False","visana.ch"
"a","guest-portal.visana.ch","192.168.228.90","3600","","False","visana.ch"
"a","mailnewsletter.visana.ch","195.190.140.71","3600","","False","visana.ch"
"a","mailsecgw01.visana.ch","217.192.234.114","3600","ISP Swisscom","False","visana.ch"
"a","mailsecgw01-news.visana.ch","217.192.234.118","3600","","False","visana.ch"
"a","mailsecgw02.visana.ch","46.140.160.213","3600","ISP Cablecom","False","visana.ch"
"a","mx1.visana.ch","185.178.62.16","3600","","False","visana.ch"
"a","mx2.visana.ch","185.178.62.17","3600","","False","visana.ch"
"a","mx3.visana.ch","185.178.62.5","3600","","False","visana.ch"
"a","mx4.visana.ch","185.178.62.6","3600","","False","visana.ch"
"a","mxhybrid.visana.ch","185.178.62.24","3600","","False","visana.ch"
"a","mxhybrid.visana.ch","185.178.62.25","3600","","False","visana.ch"
"a","my.visana.ch","185.178.61.61","3600","","False","visana.ch"
"a","my-dev01.visana.ch","185.178.61.62","3600","","False","visana.ch"
"a","my-int01.visana.ch","185.178.61.63","3600","","False","visana.ch"
"a","my-prd01.visana.ch","185.178.61.61","3600","","False","visana.ch"
"a","my-tst04.visana.ch","185.178.61.62","3600","","False","visana.ch"
"a","preprod-receiver-ix.visana.ch","185.178.62.35","3600","","False","visana.ch"
"a","receiver.visana.ch","185.178.61.61","3600","","False","visana.ch"
"a","receiver-int01.visana.ch","185.178.61.63","3600","","False","visana.ch"
"a","receiver-prd01.visana.ch","185.178.61.61","3600","","False","visana.ch"
"a","sbc01.visana.ch","185.178.62.69","3600","","False","visana.ch"
"a","sbc01-cc.visana.ch","185.178.62.77","3600","","False","visana.ch"
"a","sbc02.visana.ch","185.178.62.70","3600","","False","visana.ch"
"a","sbc02-cc.visana.ch","185.178.62.78","3600","","False","visana.ch"
"a","securemail.visana.ch","185.178.62.18","60","","False","visana.ch"
"a","securemail-int01.visana.ch","185.178.61.63","3600","","False","visana.ch"
"a","tel.visana.ch","217.192.234.136","3600","","False","visana.ch"
"a","vabel.visana.ch","217.192.234.123","3600","","False","visana.ch"
"a","vpn2corp.visana.ch","185.178.62.60","3600","AS-601","False","visana.ch"
"a","xa5053.visana.ch","192.168.60.33","3600","","False","visana.ch"
"a","assicurazioni.visana.ch","51.107.68.68","3600","","False","visana.ch"
"a","assurances.visana.ch","51.107.68.68","3600","","False","visana.ch"
"a","collect.visana.ch","216.239.32.21","3600","","False","visana.ch"
"a","collect.visana.ch","216.239.34.21","3600","","False","visana.ch"
"a","collect.visana.ch","216.239.36.21","3600","","False","visana.ch"
"a","collect.visana.ch","216.239.38.21","3600","","False","visana.ch"
"a","curaxtest.visana.ch","217.192.234.129","3600","","False","visana.ch"
"a","dashboard-test.visana.ch","34.36.146.202","3600","TKI-2579","False","visana.ch"
"a","api.dashboard-test.visana.ch","34.36.146.202","3600","TKI-2579","False","visana.ch"
"a","dashboard-uat.visana.ch","34.49.107.134","3600","TKI-2579","False","visana.ch"
"a","api.dashboard-uat.visana.ch","34.49.107.134","3600","TKI-2579","False","visana.ch"
"a","dashboard.visana.ch","130.211.4.102","3600","TKI-2579","False","visana.ch"
"a","api.dashboard.visana.ch","130.211.4.102","3600","TKI-2579","False","visana.ch"
"a","fit.visana.ch","4.226.8.64","3600","","False","visana.ch"
"a","jobs.visana.ch","54.246.222.93","3600","","False","visana.ch"
"a","referral.visana.ch","34.102.214.87","3600","","False","visana.ch"
"a","shop.visana.ch","78.46.4.209","3600","","False","visana.ch"
"a","stage.shop.visana.ch","78.46.4.209","3600","","False","visana.ch"
"a","mailsecgw01.uk.visana.ch","217.192.234.114","3600","","False","visana.ch"
"a","mailsecgw02.uk.visana.ch","46.140.160.213","3600","","False","visana.ch"
"a","versicherungen.visana.ch","51.107.68.68","3600","","False","visana.ch"
"a","vpn2corp-test.visana.ch","185.178.62.59","300","","False","visana.ch"
"a","service.visana.ch","213.158.148.50","3600","","False","visana.ch"
"a","abna-service.visana.ch","213.158.148.49","3600","","False","visana.ch"
"a","entw-service.visana.ch","213.158.148.48","3600","","False","visana.ch"
"a","doora2.visana.ch","217.192.234.134","3600","","False","visana.ch"
"a","ttp7s9.service.visana.ch","85.215.69.218","3600","aso / 09-07-2025 / Service Request #6267446 (Hendrik Jan Boven)","False","visana.ch"
"a","amn2c5.visana.ch","85.215.69.218","3600","aso / 09-07-2025 / Service Request #6267446 (Hendrik Jan Boven)","False","visana.ch"
"a","cu6ipv.jobs.visana.ch","85.215.69.218","3600","aso / 09-07-2025 / Service Request #6267446 (Hendrik Jan Boven)","False","visana.ch"
"a","g3du47.dap.visana.ch","85.215.69.218","3600","aso / 09-07-2025 / Service Request #6267446 (Hendrik Jan Boven)","False","visana.ch"
"a","qr99nz.entry.visana.ch","85.215.69.218","3600","aso / 09-07-2025 / Service Request #6267446 (Hendrik Jan Boven)","False","visana.ch"
"a","www.abna.visana.ch","4.226.42.173","3600","mpa / 28-08-2025 / SR 6270108","False","visana.ch"
"a","app-tst04.visana.ch","185.178.61.62","3600","csa / 29-09-2025 / SR 6272141","False","visana.ch"
"a","quiz.visana.ch","51.107.68.68","3600","sju / 16.12.2025 / SR 6275890","False","visana.ch"
"a","entry-test.visana.ch","192.168.228.210","3600","","False","visana.ch"
"a","mailsecgw-nonprod.visana.ch","217.192.234.138","3600","","False","visana.ch"
"a","mailsecgw02-news.visana.ch","46.140.160.219","3600","","False","visana.ch"
"a","mobiapp.visana.ch","46.140.160.237","3600","","False","visana.ch"
"a","sbc1.visana.ch","46.140.160.212","3600","","False","visana.ch"
"a","sbc1-cc.visana.ch","46.140.160.211","3600","","False","visana.ch"
"a","sbc2.visana.ch","217.192.234.135","3600","","False","visana.ch"
"a","sbc2-cc.visana.ch","217.192.234.121","3600","","False","visana.ch"
"a","sbclab-cc.visana.ch","217.192.234.147","3600","","False","visana.ch"
"a","securemail-test.visana.ch","46.140.160.236","3600","","False","visana.ch"
"a","test-mft.visana.ch","192.168.228.217","3600","","False","visana.ch"
"a","virtual.visana.ch","217.192.235.5","3600","","False","visana.ch"
"a","vpnhp.visana.ch","46.140.208.66","3600","","False","visana.ch"
"a","vpnwp.visana.ch","212.243.96.130","3600","","False","visana.ch"
"a","dns1.visana.ch","46.140.160.200","3600","","False","visana.ch"
"a","dns2.visana.ch","217.192.234.1","3600","","False","visana.ch"
"a","visana.com","194.88.196.6","3600","","False","visana.com"
"a","localhost.visana.com","127.0.0.1","3600","","False","visana.com"
"a","www.visana.com","194.88.196.6","3600","","False","visana.com"
"a","visana.eu","194.88.196.6","3600","","False","visana.eu"
"a","localhost.visana.eu","127.0.0.1","3600","","False","visana.eu"
"a","www.visana.eu","194.88.196.6","3600","","False","visana.eu"
"a","visanaclub.ch","4.226.8.64","3600","194.88.197.121","False","visanaclub.ch"
"a","localhost.visanaclub.ch","127.0.0.1","3600","","False","visanaclub.ch"
"a","visanaplus.ch","4.226.8.64","3600","","False","visanaplus.ch"
"a","az-adfs.visanatest.ch","192.168.44.129","3600","","False","visanatest.ch"
"a","sbclab.visanatest.ch","217.192.234.132","3600","","False","visanatest.ch"
"a","viva-care.ch","4.226.8.64","3600","","False","viva-care.ch"
"a","localhost.viva-care.ch","127.0.0.1","3600","","False","viva-care.ch"
"a","vivacare.ch","4.226.8.64","3600","","False","vivacare.ch"
"a","localhost.vivacare.ch","127.0.0.1","3600","","False","vivacare.ch"
"a","vorsorge-konto.ch","217.71.90.108","3600","","False","vorsorge-konto.ch"
"a","vsrb.ch","149.126.4.73","3600","","False","vsrb.ch"
"a","forum.vsrb.ch","149.126.4.73","3600","","False","vsrb.ch"
"a","login.vsrb.ch","149.126.4.73","3600","","False","vsrb.ch"
"a","securemail.vsrb.ch","185.178.62.13","300","","False","vsrb.ch"
"a","testing.vsrb.ch","149.126.4.73","3600","","False","vsrb.ch"
"a","staging-login.vsrb.ch","149.126.4.73","3600","mri / 12.11.2025 / CR 8174477","False","vsrb.ch"
"a","wwwvisana.ch","194.88.196.6","3600","","False","wwwvisana.ch"
"a","pbbellerive.ch","80.74.145.6","3600","","False","pbbellerive.ch"
"a","www.pbbellerive.ch","80.74.145.6","3600","IP Change ID 8005356 old: 80.74.145.155","False","pbbellerive.ch"
"a","akp.ch","188.40.16.53","3600","","False","akp.ch"
"a","www.akp.ch","188.40.16.53","3600","","False","akp.ch"
"a","zukunftistjetzt.ch","185.178.61.39","3600","","False","zukunftistjetzt.ch"
"a","www.zukunftistjetzt.ch","185.178.61.39","3600","","False","zukunftistjetzt.ch"
"a","dns1.ixcloud.ch","185.178.60.106","3600","Auto-created by Add Zone","False","ixcloud.ch"
"a","dns2.ixcloud.ch","185.178.62.106","3600","Auto-created by Add Zone","False","ixcloud.ch"
"a","wp-extern.ixcloud.ch","185.178.60.23","3600","mpa / 03-07-2019 / Change# 8058995","False","ixcloud.ch"
"a","mfa-service.ixcloud.ch","185.178.60.23","3600","mpa / 03-07-2019 / Change# 8058995","False","ixcloud.ch"
"a","mx1.ixcloud.ch","185.178.60.8","3600","mpa / 28-10-2019 / Change# 8061266","False","ixcloud.ch"
"a","mx2.ixcloud.ch","185.178.60.9","3600","mpa / 28-10-2019 / Change# 8061266","False","ixcloud.ch"
"a","monitor.ixcloud.ch","185.178.60.90","60","","False","ixcloud.ch"
"a","sandbox.ixcloud.ch","185.178.60.5","3600","xpncpa001 Fortinet Sandbox","False","ixcloud.ch"
"a","probe.ixcloud.ch","185.178.60.254","3600","FSA Fortinet Sandbox (port3 Malicious Probing)","False","ixcloud.ch"
"a","calanda.md.ixcloud.ch","185.178.60.35","60","","False","ixcloud.ch"
"a","s3.ixcloud.ch","185.178.60.68","3600","mri / 07-01-2020 / Change# 8049647","False","ixcloud.ch"
"a","portal.ixcloud.ch","185.178.62.64","3600","Portal 2.0","False","ixcloud.ch"
"a","identity.ixcloud.ch","185.178.62.66","3600","ix.cloud Portal 2.0","False","ixcloud.ch"
"a","api.ixcloud.ch","185.178.62.65","3600","ix.cloud Portal 2.0","False","ixcloud.ch"
"a","gitlab.ixcloud.ch","185.178.60.66","3600","","False","ixcloud.ch"
"a","remotea.ixcloud.ch","185.178.60.77","3600","fastviewer","False","ixcloud.ch"
"a","remoteb.ixcloud.ch","185.178.60.77","3600","fastviewer","False","ixcloud.ch"
"a","sentisrcb.md.ixcloud.ch","185.178.60.115","60","","False","ixcloud.ch"
"a","sentisaki.md.ixcloud.ch","185.178.60.116","60","","False","ixcloud.ch"
"a","orchestrator-test.ixcloud.ch","185.178.60.72","3600","AVI VS","False","ixcloud.ch"
"a","tosca-licence.ixcloud.ch","185.178.60.71","3600","","False","ixcloud.ch"
"a","orchestrator.ixcloud.ch","185.178.60.72","3600","CR 8097129","False","ixcloud.ch"
"a","rest-api-01.ixcloud.ch","185.178.60.91","3600","Res-API-01 Fortinet Sandbox (Linux Middleware)","False","ixcloud.ch"
"a","rest-api-02.ixcloud.ch","185.178.60.92","3600","Res-API-02 Fortinet Sandbox (Linux Middleware)","False","ixcloud.ch"
"a","rancher-dev.ixcloud.ch","185.178.60.82","3600","CR 8104961","False","ixcloud.ch"
"a","docs.ixcloud.ch","185.178.62.67","3600","CR 8104962","False","ixcloud.ch"
"a","monitoring.ixcloud.ch","185.178.60.90","300","CR 8082657 185.178.62.44 --> 185.178.60.90 ","False","ixcloud.ch"
"a","registry.ixcloud.ch","185.178.60.70","3600","","False","ixcloud.ch"
"a","sam.ixcloud.ch","185.178.60.85","3600","","False","ixcloud.ch"
"a","tracing.ixcloud.ch","185.178.60.75","3600","","False","ixcloud.ch"
"a","iam-tst.ixcloud.ch","185.178.60.93","3600","twe / 08.07.2022 / SR 6217696","False","ixcloud.ch"
"a","iam.ixcloud.ch","185.178.60.94","3600","twe / 26.07.2022 / CR 8122727","False","ixcloud.ch"
"a","aqua-gw.ixcloud.ch","185.178.60.95","3600","","False","ixcloud.ch"
"a","messroboter.ixcloud.ch","185.178.60.96","3600","ServiceReq# 6221614","False","ixcloud.ch"
"a","vault.ixcloud.ch","185.178.60.87","3600","mpa / 04-07-2023 / CR 8132484","False","ixcloud.ch"
"a","pam.ixcloud.ch","185.178.60.86","3600","mpa / 04-07-2023 / CR 8132484","False","ixcloud.ch"
"a","wp-cli.ixcloud.ch","185.178.60.97","3600","twe / 31.08.2023 / CR 8136862","False","ixcloud.ch"
"a","portal-test.ixcloud.ch","185.178.60.122","3600","185.178.60.122  | 185.178.60.104","False","ixcloud.ch"
"a","api-test.ixcloud.ch","185.178.60.123","3600","185.178.60.123 | 185.178.60.104","False","ixcloud.ch"
"a","docs-test.ixcloud.ch","185.178.62.85","3600","185.178.60.104-->185.178.62.85","False","ixcloud.ch"
"a","identity-test.ixcloud.ch","185.178.60.124","3600","185.178.60.122  | 185.178.60.104","False","ixcloud.ch"
"a","in-ja-test.ixcloud.ch","185.178.60.30","3600","SR:6234875","False","ixcloud.ch"
"a","in-ja.ixcloud.ch","185.178.60.29","3600","SR:6234875","False","ixcloud.ch"
"a","wp-appkb.ixcloud.ch","185.178.60.107","3600","sju / 30.07.2024 / CR 8151793","False","ixcloud.ch"
"a","certificates-tst.ixcloud.ch","185.178.60.120","3600","SR:6247305 Requester: tobias.waelti@inventx.ch 16.08.2024","False","ixcloud.ch"
"a","certificates.ixcloud.ch","185.178.60.121","3600","SR:6247307 Requester: tobias.waelti@inventx.ch 16.08.2024","False","ixcloud.ch"
"a","wp-ofp.ixcloud.ch","185.178.60.108","3600","mpa / 01-07-2025 / Change #8136862","False","ixcloud.ch"
"a","codequality.ixcloud.ch","185.178.62.68","3600","ServiceReq# 6254063","False","ixcloud.ch"
"a","aqualogs.ixcloud.ch","185.178.62.58","3600","","False","ixcloud.ch"
"a","registry-mirror.ixcloud.ch","185.178.62.74","3600","SR 6258009","False","ixcloud.ch"
"a","wp-ix.ixcloud.ch","185.178.60.109","3600","aso / 20.02.2025 / Change #8136862","False","ixcloud.ch"
"a","wp-rcb.ixcloud.ch","185.178.60.113","3600","aso / 04-03-2025 / Change # 8136862 (Sven Hurter)","False","ixcloud.ch"
"a","wp-kpt.ixcloud.ch","185.178.60.114","3600","aso / 04-03-2025 / Change # 8136862 (Sven Hurter)","False","ixcloud.ch"
"a","wp-test.ixcloud.ch","185.178.60.119","3600","twe / 10.03.2025 / CR 8136862 => wird temporär für verschiedene Kunden wiederverwendet!","False","ixcloud.ch"
"a","repo.ixcloud.ch","185.178.60.125","3600","24.06.2025","False","ixcloud.ch"
"a","idm.ixcloud.ch","185.178.62.88","3600","mpa / 30-06-2025 / CR 8159341","False","ixcloud.ch"
"a","idmtst.ixcloud.ch","185.178.62.89","3600","mpa / 30-06-2025 / CR 8159341","False","ixcloud.ch"
"a","finnova-tst.infer-tst.sps.ixcloud.ch","185.178.62.103","3600","aso / 21.01.2026 / Change #8176556  (Manuel Mareischen)","False","ixcloud.ch"
"a","pki.sps-tst.ixcloud.ch","185.178.62.103","3600","aso / 04-02-2026 / Change #8168240 (Manuel Mareischen)","False","ixcloud.ch"
"a","www.bellerivebanking.ch","149.126.4.118","3600","Frontrange Change ID 8002980 old: 80.74.145.6","False","bellerivebanking.ch"
"a","bellerivebanking.ch","149.126.4.118","3600","Frontrange Change ID 8002980","False","bellerivebanking.ch"
"a","webportal.bellerivebanking.ch","157.245.23.79","3600","twe / 12.06.2024 / CR 8151171","False","bellerivebanking.ch"
"a","inventix.ch","94.126.20.124","3600","","False","inventix.ch"
"a","test.inventix.ch","10.11.11.11","3600","Test MRI","False","inventix.ch"
"a","albinkistler.ch","188.40.16.53","3600","","False","albinkistler.ch"
"a","vpn2corp.albinkistler.ch","185.178.61.250","3600","","False","albinkistler.ch"
"a","www.albinkistler.ch","188.40.16.53","3600","","False","albinkistler.ch"
"a","pgadmin-uat.kundenplattform.albinkistler.ch","185.178.61.217","3600","","False","albinkistler.ch"
"a","portal-uat.kundenplattform.albinkistler.ch","185.178.61.217","3600","","False","albinkistler.ch"
"a","portal.albinkistler.ch","185.178.61.218","3600","","False","albinkistler.ch"
"a","keycloak-uat.kundenplattform.albinkistler.ch","185.178.61.217","3600","","False","albinkistler.ch"
"a","crl.albinkistler.ch","185.178.60.81","3600","POB / 29.02.2024","False","albinkistler.ch"
"a","vpn2corp-test.albinkistler.ch","185.178.62.30","3600","","False","albinkistler.ch"
"a","sbc1.albinkistler.ch","185.178.62.72","3600","sju / 19.02.2025 / CR 8148691","False","albinkistler.ch"
"a","sbc2.albinkistler.ch","185.178.62.73","3600","sju / 19.02.2025 / CR 8148691","False","albinkistler.ch"
"a","sftp.albinkistler.ch","185.178.62.90","3600","aso / 15-07-2025 / Change #8167135 ( Obradovic Stanisa)","False","albinkistler.ch"
"a","mx1.inventx.ch","185.178.62.36","3600","","False","inventx.ch"
"a","mx2.inventx.ch","185.178.62.37","3600","","False","inventx.ch"
"a","localhost.inventx.ch","127.0.0.1","3600","","False","inventx.ch"
"a","dns1.inventx.ch","193.192.241.167","3600","","False","inventx.ch"
"a","ns1.inventx.ch","193.192.241.173","3600","","False","inventx.ch"
"a","ns2.inventx.ch","193.192.241.174","3600","","False","inventx.ch"
"a","mdm.inventx.ch","193.192.241.222","3600","Mobile Iron - F. Jutzi","False","inventx.ch"
"a","sentry.inventx.ch","193.192.241.221","3600","Mobile Iron Test","False","inventx.ch"
"a","securemail.inventx.ch","185.178.62.40","300","","False","inventx.ch"
"a","tlab-sras.inventx.ch","193.192.241.149","3600","Tlab SRAS","False","inventx.ch"
"a","meet.inventx.ch","193.192.241.220","3600","","False","inventx.ch"
"a","dialin.inventx.ch","193.192.241.220","3600","Lync Edge","False","inventx.ch"
"a","lyncweb.inventx.ch","193.192.241.220","3600","Lync Edge","False","inventx.ch"
"a","extranet.inventx.ch","193.192.241.193","3600","","False","inventx.ch"
"a","dns2.inventx.ch","145.252.0.80","3600","","False","inventx.ch"
"a","av.inventx.ch","193.192.241.219","3600","lync edge","False","inventx.ch"
"a","webconf.inventx.ch","193.192.241.218","3600","lync edge","False","inventx.ch"
"a","sftp.inventx.ch","193.192.241.210","3600","sftp","False","inventx.ch"
"a","jira.inventx.ch","185.178.61.176","300","mri / 31.01.2020 / CR 8079625","False","inventx.ch"
"a","ac.inventx.ch","185.178.61.175","300","Abacus Abaclik Dennis Caluori","False","inventx.ch"
"a","doku.inventx.ch","185.178.61.176","3600","mpa / 12.04.2019 / CR 8066544","False","inventx.ch"
"a","cli-itsm-api.inventx.ch","185.178.60.33","3600","mpa / 16.05.2019 / CR 8057147","False","inventx.ch"
"a","wp-extern.inventx.ch","193.192.241.248","3600","mpa / 21.05.2019 / CR 8052370","False","inventx.ch"
"a","uia-prod.inventx.ch","185.178.61.78","120","","False","inventx.ch"
"a","uia-test.inventx.ch","185.178.61.79","300","185.178.60.34 (old)","False","inventx.ch"
"a","accounting-api.inventx.ch","185.178.60.65","3600","","False","inventx.ch"
"a","accounting-api-test.inventx.ch","185.178.60.65","3600","","False","inventx.ch"
"a","gitlab.inventx.ch","185.178.60.66","3600","","False","inventx.ch"
"a","sbc1.inventx.ch","185.178.62.46","300","aso / 03-08-2020 / Change #8046146 (Machado Stefane)","False","inventx.ch"
"a","sbc2.inventx.ch","185.178.62.45","300","SBC2 DCEN - Teams Call Center","False","inventx.ch"
"a","vault.inventx.ch","185.178.60.78","3600","vault.inventx.ch (AVI) --> vault.apps-prod.xaas.swissic.ch (F5)","False","inventx.ch"
"a","inventx.ch","34.65.165.226","3600","","False","inventx.ch"
"a","www.inventx.ch","34.65.165.226","3600","","False","inventx.ch"
"a","crl.inventx.ch","185.178.60.81","3600","","False","inventx.ch"
"a","cli-itsm-api-test.inventx.ch","185.178.60.79","3600","Exer Andreas cli-itsm-api-test.inventx.ch","False","inventx.ch"
"a","vpn2corp.inventx.ch","185.178.61.252","3600","","False","inventx.ch"
"a","nextdrive.inventx.ch","185.178.62.118","3600","","False","inventx.ch"
"a","finpatchtool-test.inventx.ch","185.178.61.119","120","","False","inventx.ch"
"a","finpatchtool.inventx.ch","185.178.61.120","120","","False","inventx.ch"
"a","itsm.inventx.ch","185.178.61.121","120","185.178.62.80 | 185.178.61.121","False","inventx.ch"
"a","mehrwerk.inventx.ch","94.126.20.124","3600","CR 8114896","False","inventx.ch"
"a","itsm-uat.inventx.ch","185.178.61.104","120","SR 6214287","False","inventx.ch"
"a","itsm-stg.inventx.ch","185.178.61.104","120","SR 6214287","False","inventx.ch"
"a","itsm-dev.inventx.ch","185.178.61.104","120","SR 6214287","False","inventx.ch"
"a","wp.inventx.ch","185.178.61.51","3600","twe / 16.11.2022 / CR 8118544","False","inventx.ch"
"a","wp-tst.inventx.ch","185.178.61.50","3600","twe / 16.11.2022 / CR 8118544","False","inventx.ch"
"a","ac-test.inventx.ch","185.178.61.45","3600","twe / 20.01.2023 / CR 8102432","False","inventx.ch"
"a","vpn2corp-test.inventx.ch","185.178.61.239","3600","","False","inventx.ch"
"a","secrets.inventx.ch","185.178.61.177","3600","ServiceReq# 6229558","False","inventx.ch"
"a","dummy.inventx.ch","185.178.60.253","3600","","False","inventx.ch"
"a","doku-test.inventx.ch","185.178.61.176","3600","twe / 22.04.2024 / CR 8103747","False","inventx.ch"
"a","jira-test.inventx.ch","185.178.61.176","3600","twe / 22.04.2024 / CR 8103747","False","inventx.ch"
"a","mxhybrid.inventx.ch","185.178.62.39","3600","mpa / 14-08-2024 / CR 8132728","False","inventx.ch"
"a","mxhybrid.inventx.ch","185.178.62.38","3600","mpa / 14-08-2024 / CR 8132728","False","inventx.ch"
"a","hp-itsm-api.inventx.ch","185.178.62.83","3600","mpa / 05-05-2025 / CR 8151420","False","inventx.ch"
"a","hp-itsm-api-test.inventx.ch","185.178.62.84","3600","mpa / 05-05-2025 / CR 8151420","False","inventx.ch"
"a","secrets-test.inventx.ch","185.178.60.126","3600","03.07.3035	","False","inventx.ch"
"a","reportserver-t.inventx.ch","185.178.60.127","3600","10-07-2025","False","inventx.ch"
"a","reportserver.inventx.ch","185.178.60.128","3600","10-07-2025	","False","inventx.ch"
"a","helix-test.inventx.ch","185.178.62.95","3600","twe / 12.11.2025 / CR 8171516","False","inventx.ch"
"a","itsm-api-tst.inventx.ch","185.178.62.95","3600","aso / 19-11-2025 / Change #8171516 (Amman Daniel)","False","inventx.ch"
"a","itsm-api.inventx.ch","185.178.62.94","3600","aso / 19-11-2025 / Change #8171516 (Amman Daniel)","False","inventx.ch"
"a","itsm-dev.tst.inventx.ch","185.178.62.95","3600","aso / 27.11.2025 / Change #8171516 (Daniel Allemann)","False","inventx.ch"
"a","myitsm-tst.inventx.ch","185.178.62.95","3600","aso / 27.11.2025 / Change #8171516 (Daniel Allemann)","False","inventx.ch"
"a","graubuendnerkantonalbank.ch","145.252.0.138","3600","","False","graubuendnerkantonalbank.ch"
"a","localhost.graubuendnerkantonalbank.ch","127.0.0.1","3600","","False","graubuendnerkantonalbank.ch"
"a","www.graubuendnerkantonalbank.ch","145.252.0.138","3600","","False","graubuendnerkantonalbank.ch"
"a","graubuendner-kantonalbank.ch","145.252.0.138","3600","","False","graubuendner-kantonalbank.ch"
"a","localhost.graubuendner-kantonalbank.ch","127.0.0.1","3600","","False","graubuendner-kantonalbank.ch"
"a","www.graubuendner-kantonalbank.ch","145.252.0.138","3600","","False","graubuendner-kantonalbank.ch"
"a","gkb.ch","185.178.61.39","300","","False","gkb.ch"
"a","gkb-extra.gkb.ch","149.126.4.78","3600","mpa / 18.08.2017 / CR 8038368 ","False","gkb.ch"
"a","web.gkb.ch","193.93.20.179","600","","False","gkb.ch"
"a","mailhub.gkb.ch","145.252.1.68","3600","","False","gkb.ch"
"a","www.gkb.ch","185.178.61.39","3600","","False","gkb.ch"
"a","mx1.gkb.ch","185.178.62.9","3600","","False","gkb.ch"
"a","mx2.gkb.ch","185.178.62.10","3600","","False","gkb.ch"
"a","shop.gkb.ch","193.246.101.80","3600","","False","gkb.ch"
"a","mobiletest.gkb.ch","185.178.61.38","3600","","False","gkb.ch"
"a","tstwebview.gkb.ch","185.178.61.38","600","Test","False","gkb.ch"
"a","sras.gkb.ch","145.252.0.76","3600","sras.gkb.ch","False","gkb.ch"
"a","webview.gkb.ch","185.178.61.39","3600","","False","gkb.ch"
"a","www2test.gkb.ch","185.178.61.38","3600","","False","gkb.ch"
"a","www2.gkb.ch","185.178.61.39","3600","","False","gkb.ch"
"a","diretta2.xras.gkb.ch","145.252.0.76","3600","F5 Virtual Server SRAS PoC","False","gkb.ch"
"a","xpn.gkb.ch","145.252.1.7","3600","","False","gkb.ch"
"a","vpn2corp.gkb.ch","185.178.61.30","3600","","False","gkb.ch"
"a","evv.gkb.ch","185.178.61.20","900","mri / 10.11.2023 / Inc. 7660086","False","gkb.ch"
"a","ras.gkb.ch","185.178.61.19","3600","mpa / 20.07.2017 / CR 8026514","False","gkb.ch"
"a","sign.gkb.ch","46.140.190.54","3600","Airlock","False","gkb.ch"
"a","signtest.gkb.ch","46.140.190.29","3600","Airlock Test","False","gkb.ch"
"a","cronto.gkb.ch","185.178.61.39","3600","sju / 2018.01.17 / CR 8042014","False","gkb.ch"
"a","tstcronto.gkb.ch","185.178.61.38","3600","sju / 2018.01.17 / CR 8042014","False","gkb.ch"
"a","sts.gkb.ch","185.178.61.90","3600","Change / 8043858 / ADFS","False","gkb.ch"
"a","sip.gkb.ch","145.252.0.120","3600","mpa / 22.05.2018 / CR 8045484","False","gkb.ch"
"a","webconf.gkb.ch","145.252.0.121","3600","mpa / 22.05.2018 / CR 8045484","False","gkb.ch"
"a","sfbwebext.gkb.ch","145.252.0.123","3600","Skype4Busines","False","gkb.ch"
"a","dialin.gkb.ch","145.252.0.123","3600","Skype4Busines","False","gkb.ch"
"a","lyncdiscover.gkb.ch","145.252.0.123","3600","Skype4Busines","False","gkb.ch"
"a","meet.gkb.ch","145.252.0.132","3600","Skype4Busines","False","gkb.ch"
"a","sft.gkb.ch","185.178.61.244","3600","dko / 31.05.2018 / 8048786 ","False","gkb.ch"
"a","twint.gkb.ch","185.178.61.39","3600","mpa / 05.03.2019 / CR 8053928","False","gkb.ch"
"a","tsttwint.gkb.ch","185.178.61.38","3600","mpa / 05.03.2019 / CR 8053928","False","gkb.ch"
"a","makoshare.gkb.ch","185.178.60.67","3600","","False","gkb.ch"
"a","event.gkb.ch","185.178.61.39","3600","mpa / 03.03.2020 / CR 8082692","False","gkb.ch"
"a","tstevent.gkb.ch","185.178.61.38","3600","dko / 26.11.2024 / CR 8156683 ","False","gkb.ch"
"a","feedback.gkb.ch","20.250.16.161","120","Change# 8103452","False","gkb.ch"
"a","tste-banking.portal.gkb.ch","185.178.61.38","3600","aso / 29-06-2020 / Change# 8083394","False","gkb.ch"
"a","tstmobile-banking.portal.gkb.ch","185.178.61.38","3600","aso / 29-06-2020 / Change# 8083394","False","gkb.ch"
"a","tstwebview.portal.gkb.ch","145.252.0.211","3600","","False","gkb.ch"
"a","vorsorgeapp-dev.portal.gkb.ch","185.178.61.38","3600","aso / 03-09-2020  / Change# 8099763 (Tobias W하lti)","False","gkb.ch"
"a","login-dev.gkb.ch","185.178.61.38","3600","aso / 03-09-2020  / Change# 8099763 (Tobias W하lti)","False","gkb.ch"
"a","vorsorgeapp-test.portal.gkb.ch","185.178.61.38","3600","aso / 03-09-2020  / Change# 8099763 (Tobias W하lti)","False","gkb.ch"
"a","login-test.gkb.ch","185.178.61.38","3600","aso / 03-09-2020  / Change# 8099763 (Tobias W하lti)","False","gkb.ch"
"a","gioiatst.portal.gkb.ch","185.178.61.38","3600","","False","gkb.ch"
"a","securemail.gkb.ch","185.178.61.107","3600","mpa / 26-03-2024 / CR 8122054","False","gkb.ch"
"a","vorsorgeapp.portal.gkb.ch","185.178.61.39","3600","mku / 06.01.2021 / Change# 8099763 / 534704 - Vorsorgen Digital (Freya)","False","gkb.ch"
"a","login.gkb.ch","185.178.61.39","3600","mku / 06.01.2021 / Change# 8099763 / 534704 - Vorsorgen Digital (Freya)","False","gkb.ch"
"a","evak.gkb.ch","185.178.61.39","3600","twe / 21.01.2021 / CR 8098220","False","gkb.ch"
"a","securechat.portal.gkb.ch","145.252.0.148","3600","","False","gkb.ch"
"a","tstsecurechat.portal.gkb.ch","145.252.0.218","3600","","False","gkb.ch"
"a","ras2corp.gkb.ch","145.252.0.111","3600","","False","gkb.ch"
"a","wifi.gkb.ch","10.38.24.194","300","Aruba ClearPass / CR 8107093","False","gkb.ch"
"a","gioia.portal.gkb.ch","185.178.61.39","3600","","False","gkb.ch"
"a","gioia3a.gkb.ch","193.93.20.179","3600","mpa / 2021-08-30 / Change#","False","gkb.ch"
"a","zukunft.gkb.ch","193.93.20.179","3600","sju / 2021-10-05 / CR 8113824","False","gkb.ch"
"a","onfido.gkb.ch","185.178.61.39","3600","GKB Gioia","False","gkb.ch"
"a","onfido-test.gkb.ch","185.178.61.38","3600","GKB Gioa","False","gkb.ch"
"a","onfido-dev.gkb.ch","185.178.61.38","3600","GKB Gioa","False","gkb.ch"
"a","extgioiakids.gkb.ch","185.178.61.39","3600","CR 8105783","False","gkb.ch"
"a","extgioiakids-tst.gkb.ch","185.178.61.38","3600","CR 8105783","False","gkb.ch"
"a","smtp365.gkb.ch","185.178.61.246","3600","mpa / 09-05-2022 / Change# 8121429","False","gkb.ch"
"a","webmail.gkb.ch","185.178.61.246","3600","mpa / 09-05-2022 / Change# 8121429","False","gkb.ch"
"a","autodiscover.gkb.ch","185.178.61.246","3600","mpa / 09-05-2022 / Change# 8121429","False","gkb.ch"
"a","crl.gkb.ch","185.178.60.81","3600","mpa / 28-02-2023 / CR 8118793","False","gkb.ch"
"a","business-banking-test.portal.gkb.ch","185.178.61.38","120","twe / 23.06.2023 / CR 8128615","False","gkb.ch"
"a","hub.business-banking-test.gkb.ch","185.178.61.38","120","twe / 23.06.2023 / CR 8128615","False","gkb.ch"
"a","vpn2corp-test.gkb.ch","185.178.61.29","3600","185.178.61.29","False","gkb.ch"
"a","ebics-test.gkb.ch","185.178.61.38","3600","twe / 23.06.2023 / CR 8128615","False","gkb.ch"
"a","kids-test.gkb.ch","185.178.60.98","120","twe / 25.07.2023 / CR 8133236","False","gkb.ch"
"a","kids.gkb.ch","185.178.60.99","120","twe / 25.07.2023 / CR 8133236","False","gkb.ch"
"a","ebics.gkb.ch","185.178.61.39","3600","aso / 02.10.2023 / Change #8137426 (Ammann Daniel)","False","gkb.ch"
"a","business-banking.portal.gkb.ch","185.178.61.39","3600","aso / 02.10.2023 / Change #8137426 (Ammann Daniel)","False","gkb.ch"
"a","hub.business-banking.gkb.ch","185.178.61.39","3600","aso / 02.10.2023 / Change #8137426 (Ammann Daniel)","False","gkb.ch"
"a","deve-banking.portal.gkb.ch","185.178.61.38","3600","Change# 8148290","False","gkb.ch"
"a","devcronto.gkb.ch","185.178.61.38","3600","Change# 8148290","False","gkb.ch"
"a","devwebview.gkb.ch","185.178.61.38","3600","Change# 8148290","False","gkb.ch"
"a","devmobile-banking.portal.gkb.ch","185.178.61.38","3600","185.178.61.38","False","gkb.ch"
"a","mb4.portal.gkb.ch","185.178.61.39","3600","mri / 16.05.2024 / Change# 8148622","False","gkb.ch"
"a","mb4-test.portal.gkb.ch","185.178.61.38","3600","mri / 16.05.2024 / Change# 8148622","False","gkb.ch"
"a","mb4-dev.portal.gkb.ch","185.178.61.38","3600","mri / 16.05.2024 / Change# 8148622","False","gkb.ch"
"a","gioiadev.portal.gkb.ch","185.178.61.38","3600","mri / 16.05.2024 / Change# 8148622","False","gkb.ch"
"a","localhost.smtp.gkb.ch","127.0.0.1","3600","","False","gkb.ch"
"a","mobile.gkb.ch","185.178.61.39","300","","False","gkb.ch"
"a","localhost.mobile.gkb.ch","127.0.0.1","3600","","False","gkb.ch"
"a","www.mobile.gkb.ch","185.178.61.39","300","","False","gkb.ch"
"a","jobs.gkb.ch","217.26.50.243","3600","twe / 16.05.2022 / CR 8121909","False","gkb.ch"
"a","www.jobs.gkb.ch","217.26.50.243","3600","twe / 16.05.2022 / CR 8121909","False","gkb.ch"
"a","media.gkb.ch","185.178.61.39","3600","mri / 21.11.2023 / CR# 8142291","False","gkb.ch"
"a","www.media.gkb.ch","185.178.61.39","3600","mri / 21.11.2023 / CR# 8142291","False","gkb.ch"
"a","rw-test.gkb.ch","185.178.61.38","3600","aso / 12.08.2024 / Change #8149482 ","False","gkb.ch"
"a","rw.gkb.ch","185.178.61.39","3600","aso / 12.08.2024 / Change #8149482 ","False","gkb.ch"
"a","vpn2corp-temp.gkb.ch","185.178.61.29","3600","Zertifikatstest sgro franco","False","gkb.ch"
"a","identification.gkb.ch","185.178.61.39","3600","dko / 06.09.2024 / CR 8147569 ","False","gkb.ch"
"a","identification-test.gkb.ch","185.178.61.38","3600","dko / 06.09.2024 / CR 8147569 ","False","gkb.ch"
"a","onboarding.gkb.ch","185.178.61.39","3600","dko / 06.09.2024 / CR 8147569 ","False","gkb.ch"
"a","onboarding-test.gkb.ch","185.178.61.38","3600","dko / 06.09.2024 / CR 8147569 ","False","gkb.ch"
"a","capricorn.gkb.ch","217.26.50.243","3600","CR-563619","False","gkb.ch"
"a","ebics-dev.gkb.ch","185.178.61.38","3600","sju / 20.02.2025 / CR 8161564","False","gkb.ch"
"a","hub.business-banking-dev.gkb.ch","185.178.61.38","3600","sju / 04.03.2025 / CR 8161564","False","gkb.ch"
"a","business-banking-dev.portal.gkb.ch","185.178.61.38","3600","sju / 04.03.2025 / CR 8161564","False","gkb.ch"
"a","web-api.dev.gkb.ch","185.178.61.38","3600","aso / 28-05-2025 / Change #8167111 (Markstahler Andreas)","False","gkb.ch"
"a","web-api.test.gkb.ch","185.178.61.38","3600","aso / 28-05-2025 / Change #8167111 (Markstahler Andreas)","False","gkb.ch"
"a","capricorn-waf.gkb.ch","217.26.50.243","3600","aso / 25-06-2025 / Change #8163436 (Ammann Daniel)","False","gkb.ch"
"a","capricorn-test.gkb.ch","185.178.61.38","3600","aso / 30-06-2025j / Change #8163436 (Ammann Daniel)","False","gkb.ch"
"a","testhrportal.gkb.ch","185.178.61.38","3600","aso / 07-07-2025 / Change #8165873 (Ammann Daniel)","False","gkb.ch"
"a","bma.gkb.ch","185.178.61.159","3600","aso / 14.07.2025 / Change #8153099 (Florian Dürr)","False","gkb.ch"
"a","mx3.gkb.ch","185.178.62.54","3600","aso / 13-08-2025 / Change #8153099 (Andrea Soliva)","False","gkb.ch"
"a","mx4.gkb.ch","185.178.62.55","3600","aso / 13-08-2025 / Change #8153099 (Andrea Soliva)","False","gkb.ch"
"a","mxhybrid.gkb.ch","185.178.62.91","3600","mpa / 26-08-2025 / CR 8153099","False","gkb.ch"
"a","mxhybrid.gkb.ch","185.178.62.92","3600","mpa / 26-08-2025 / CR 8153099","False","gkb.ch"
"a","prod.gkb.ch","146.75.119.10","3600","csa CR 8167111","False","gkb.ch"
"a","web-api.gkb.ch","185.178.61.39","3600","csa / 28-08-2025 / Change# 8167111","False","gkb.ch"
"a","hrportal.gkb.ch","185.178.61.39","3600","","False","gkb.ch"
"a","mtls-login.gkb.ch","185.178.61.84","3600","aso / 12-11-2025 / Change #8170045 (Schmid Valentin)","False","gkb.ch"
"a","mtls-login-test.gkb.ch","185.178.61.85","3600","aso / 12-11-2025 / Change #8170045 (Schmid Valentin)","False","gkb.ch"
"a","mtls-login-dev.gkb.ch","185.178.61.85","3600","aso / 12-11-2025 / Change #8170045 (Schmid Valentin)","False","gkb.ch"
"a","events.gkb.ch","34.65.78.110","3600","twe / 28.01.2026 / CR 8178901","False","gkb.ch"
"a","e-banking.portal.gkb.ch","185.178.61.39","3600","mri / 21.09.2020 / CR 8083394","False","gkb.ch"
"a","mobile-banking.portal.gkb.ch","185.178.61.39","3600","mri / 21.09.2020 / CR 8083394","False","gkb.ch"
"a","grkb.ch","145.252.0.138","3600","","False","grkb.ch"
"a","gkb-extra.grkb.ch","194.126.200.46","3600","","False","grkb.ch"
"a","e-banking.grkb.ch","145.252.1.22","3600","","False","grkb.ch"
"a","web.grkb.ch","193.93.21.134","3600","","False","grkb.ch"
"a","tste-banking.grkb.ch","145.252.1.19","3600","","False","grkb.ch"
"a","mailhub.grkb.ch","145.252.1.68","3600","","False","grkb.ch"
"a","mailing.grkb.ch","217.192.156.40","3600","","False","grkb.ch"
"a","secure.grkb.ch","145.252.1.18","3600","","False","grkb.ch"
"a","www.grkb.ch","145.252.0.138","3600","","False","grkb.ch"
