"type","name","content","ttl","disabled","zone"
"ns","0.252.145.in-addr.arpa","a16-64.akam.net","14400","False","0.252.145.in-addr.arpa"
"ns","0.252.145.in-addr.arpa","a14-64.akam.net","14400","False","0.252.145.in-addr.arpa"
"ns","0.252.145.in-addr.arpa","a13-66.akam.net","14400","False","0.252.145.in-addr.arpa"
"ns","0.252.145.in-addr.arpa","a1-113.akam.net","14400","False","0.252.145.in-addr.arpa"
"ns","0.252.145.in-addr.arpa","dns2.ixcloud.ch","14400","False","0.252.145.in-addr.arpa"
"ns","0.252.145.in-addr.arpa","dns1.ixcloud.ch","14400","False","0.252.145.in-addr.arpa"
"ns","1.252.145.in-addr.arpa","a16-64.akam.net","14400","False","1.252.145.in-addr.arpa"
"ns","1.252.145.in-addr.arpa","a14-64.akam.net","14400","False","1.252.145.in-addr.arpa"
"ns","1.252.145.in-addr.arpa","a13-66.akam.net","14400","False","1.252.145.in-addr.arpa"
"ns","1.252.145.in-addr.arpa","a1-113.akam.net","14400","False","1.252.145.in-addr.arpa"
"ns","1.252.145.in-addr.arpa","dns2.ixcloud.ch","14400","False","1.252.145.in-addr.arpa"
"ns","1.252.145.in-addr.arpa","dns1.ixcloud.ch","14400","False","1.252.145.in-addr.arpa"
"ns","176.10.45.in-addr.arpa","a16-64.akam.net","14400","False","176.10.45.in-addr.arpa"
"ns","176.10.45.in-addr.arpa","a14-64.akam.net","14400","False","176.10.45.in-addr.arpa"
"ns","176.10.45.in-addr.arpa","a13-66.akam.net","14400","False","176.10.45.in-addr.arpa"
"ns","176.10.45.in-addr.arpa","a1-113.akam.net","14400","False","176.10.45.in-addr.arpa"
"ns","176.10.45.in-addr.arpa","dns2.ixcloud.ch","14400","False","176.10.45.in-addr.arpa"
"ns","176.10.45.in-addr.arpa","dns1.ixcloud.ch","14400","False","176.10.45.in-addr.arpa"
"ns","177.10.45.in-addr.arpa","a16-64.akam.net","14400","False","177.10.45.in-addr.arpa"
"ns","177.10.45.in-addr.arpa","a14-64.akam.net","14400","False","177.10.45.in-addr.arpa"
"ns","177.10.45.in-addr.arpa","a13-66.akam.net","14400","False","177.10.45.in-addr.arpa"
"ns","177.10.45.in-addr.arpa","a1-113.akam.net","14400","False","177.10.45.in-addr.arpa"
"ns","177.10.45.in-addr.arpa","dns2.ixcloud.ch","14400","False","177.10.45.in-addr.arpa"
"ns","177.10.45.in-addr.arpa","dns1.ixcloud.ch","14400","False","177.10.45.in-addr.arpa"
"ns","178.10.45.in-addr.arpa","a16-64.akam.net","14400","False","178.10.45.in-addr.arpa"
"ns","178.10.45.in-addr.arpa","a14-64.akam.net","14400","False","178.10.45.in-addr.arpa"
"ns","178.10.45.in-addr.arpa","a13-66.akam.net","14400","False","178.10.45.in-addr.arpa"
"ns","178.10.45.in-addr.arpa","a1-113.akam.net","14400","False","178.10.45.in-addr.arpa"
"ns","178.10.45.in-addr.arpa","dns2.ixcloud.ch","14400","False","178.10.45.in-addr.arpa"
"ns","178.10.45.in-addr.arpa","dns1.ixcloud.ch","14400","False","178.10.45.in-addr.arpa"
"ns","179.10.45.in-addr.arpa","a16-64.akam.net","14400","False","179.10.45.in-addr.arpa"
"ns","179.10.45.in-addr.arpa","a14-64.akam.net","14400","False","179.10.45.in-addr.arpa"
"ns","179.10.45.in-addr.arpa","a13-66.akam.net","14400","False","179.10.45.in-addr.arpa"
"ns","179.10.45.in-addr.arpa","a1-113.akam.net","14400","False","179.10.45.in-addr.arpa"
"ns","179.10.45.in-addr.arpa","dns2.ixcloud.ch","14400","False","179.10.45.in-addr.arpa"
"ns","179.10.45.in-addr.arpa","dns1.ixcloud.ch","14400","False","179.10.45.in-addr.arpa"
"ns","60.178.185.in-addr.arpa","a16-64.akam.net","14400","False","60.178.185.in-addr.arpa"
"ns","60.178.185.in-addr.arpa","a14-64.akam.net","14400","False","60.178.185.in-addr.arpa"
"ns","60.178.185.in-addr.arpa","a13-66.akam.net","14400","False","60.178.185.in-addr.arpa"
"ns","60.178.185.in-addr.arpa","a1-113.akam.net","14400","False","60.178.185.in-addr.arpa"
"ns","60.178.185.in-addr.arpa","dns2.ixcloud.ch","14400","False","60.178.185.in-addr.arpa"
"ns","60.178.185.in-addr.arpa","dns1.ixcloud.ch","14400","False","60.178.185.in-addr.arpa"
"ns","61.178.185.in-addr.arpa","a16-64.akam.net","14400","False","61.178.185.in-addr.arpa"
"ns","61.178.185.in-addr.arpa","a14-64.akam.net","14400","False","61.178.185.in-addr.arpa"
"ns","61.178.185.in-addr.arpa","a13-66.akam.net","14400","False","61.178.185.in-addr.arpa"
"ns","61.178.185.in-addr.arpa","a1-113.akam.net","14400","False","61.178.185.in-addr.arpa"
"ns","61.178.185.in-addr.arpa","dns2.ixcloud.ch","14400","False","61.178.185.in-addr.arpa"
"ns","61.178.185.in-addr.arpa","dns1.ixcloud.ch","14400","False","61.178.185.in-addr.arpa"
"ns","62.178.185.in-addr.arpa","a16-64.akam.net","14400","False","62.178.185.in-addr.arpa"
"ns","62.178.185.in-addr.arpa","a14-64.akam.net","14400","False","62.178.185.in-addr.arpa"
"ns","62.178.185.in-addr.arpa","a13-66.akam.net","14400","False","62.178.185.in-addr.arpa"
"ns","62.178.185.in-addr.arpa","a1-113.akam.net","14400","False","62.178.185.in-addr.arpa"
"ns","62.178.185.in-addr.arpa","dns2.ixcloud.ch","14400","False","62.178.185.in-addr.arpa"
"ns","62.178.185.in-addr.arpa","dns1.ixcloud.ch","14400","False","62.178.185.in-addr.arpa"
"ns","63.178.185.in-addr.arpa","a16-64.akam.net","14400","False","63.178.185.in-addr.arpa"
"ns","63.178.185.in-addr.arpa","a14-64.akam.net","14400","False","63.178.185.in-addr.arpa"
"ns","63.178.185.in-addr.arpa","a13-66.akam.net","14400","False","63.178.185.in-addr.arpa"
"ns","63.178.185.in-addr.arpa","a1-113.akam.net","14400","False","63.178.185.in-addr.arpa"
"ns","63.178.185.in-addr.arpa","dns2.ixcloud.ch","14400","False","63.178.185.in-addr.arpa"
"ns","63.178.185.in-addr.arpa","dns1.ixcloud.ch","14400","False","63.178.185.in-addr.arpa"
"ns","abrs.ch","a16-64.akam.net","14400","False","abrs.ch"
"ns","abrs.ch","a14-64.akam.net","14400","False","abrs.ch"
"ns","abrs.ch","a13-66.akam.net","14400","False","abrs.ch"
"ns","abrs.ch","a1-113.akam.net","14400","False","abrs.ch"
"ns","abrs.ch","dns2.ixcloud.ch","14400","False","abrs.ch"
"ns","abrs.ch","dns1.ixcloud.ch","14400","False","abrs.ch"
"ns","akp.ch","a16-64.akam.net","14400","False","akp.ch"
"ns","akp.ch","a14-64.akam.net","14400","False","akp.ch"
"ns","akp.ch","a13-66.akam.net","14400","False","akp.ch"
"ns","akp.ch","a1-113.akam.net","14400","False","akp.ch"
"ns","akp.ch","dns2.ixcloud.ch","14400","False","akp.ch"
"ns","akp.ch","dns1.ixcloud.ch","14400","False","akp.ch"
"ns","albinkistler.ch","a16-64.akam.net","14400","False","albinkistler.ch"
"ns","albinkistler.ch","a14-64.akam.net","14400","False","albinkistler.ch"
"ns","albinkistler.ch","a13-66.akam.net","14400","False","albinkistler.ch"
"ns","albinkistler.ch","a1-113.akam.net","14400","False","albinkistler.ch"
"ns","albinkistler.ch","dns2.ixcloud.ch","14400","False","albinkistler.ch"
"ns","albinkistler.ch","dns1.ixcloud.ch","14400","False","albinkistler.ch"
"ns","autonom-daheim.ch","a16-64.akam.net","14400","False","autonom-daheim.ch"
"ns","autonom-daheim.ch","a14-64.akam.net","14400","False","autonom-daheim.ch"
"ns","autonom-daheim.ch","a13-66.akam.net","14400","False","autonom-daheim.ch"
"ns","autonom-daheim.ch","a1-113.akam.net","14400","False","autonom-daheim.ch"
"ns","autonom-daheim.ch","dns2.ixcloud.ch","14400","False","autonom-daheim.ch"
"ns","autonom-daheim.ch","dns1.ixcloud.ch","14400","False","autonom-daheim.ch"
"ns","autonome-chez-soi.ch","a16-64.akam.net","14400","False","autonome-chez-soi.ch"
"ns","autonome-chez-soi.ch","a14-64.akam.net","14400","False","autonome-chez-soi.ch"
"ns","autonome-chez-soi.ch","a13-66.akam.net","14400","False","autonome-chez-soi.ch"
"ns","autonome-chez-soi.ch","a1-113.akam.net","14400","False","autonome-chez-soi.ch"
"ns","autonome-chez-soi.ch","dns2.ixcloud.ch","14400","False","autonome-chez-soi.ch"
"ns","autonome-chez-soi.ch","dns1.ixcloud.ch","14400","False","autonome-chez-soi.ch"
"ns","autonomi-a-casa.ch","a16-64.akam.net","14400","False","autonomi-a-casa.ch"
"ns","autonomi-a-casa.ch","a14-64.akam.net","14400","False","autonomi-a-casa.ch"
"ns","autonomi-a-casa.ch","a13-66.akam.net","14400","False","autonomi-a-casa.ch"
"ns","autonomi-a-casa.ch","a1-113.akam.net","14400","False","autonomi-a-casa.ch"
"ns","autonomi-a-casa.ch","dns2.ixcloud.ch","14400","False","autonomi-a-casa.ch"
"ns","autonomi-a-casa.ch","dns1.ixcloud.ch","14400","False","autonomi-a-casa.ch"
"ns","banca-regionale.ch","a16-64.akam.net","14400","False","banca-regionale.ch"
"ns","banca-regionale.ch","a14-64.akam.net","14400","False","banca-regionale.ch"
"ns","banca-regionale.ch","a13-66.akam.net","14400","False","banca-regionale.ch"
"ns","banca-regionale.ch","a1-113.akam.net","14400","False","banca-regionale.ch"
"ns","banca-regionale.ch","dns2.ixcloud.ch","14400","False","banca-regionale.ch"
"ns","banca-regionale.ch","dns1.ixcloud.ch","14400","False","banca-regionale.ch"
"ns","bancaregionale.ch","a16-64.akam.net","14400","False","bancaregionale.ch"
"ns","bancaregionale.ch","a14-64.akam.net","14400","False","bancaregionale.ch"
"ns","bancaregionale.ch","a13-66.akam.net","14400","False","bancaregionale.ch"
"ns","bancaregionale.ch","a1-113.akam.net","14400","False","bancaregionale.ch"
"ns","bancaregionale.ch","dns2.ixcloud.ch","14400","False","bancaregionale.ch"
"ns","bancaregionale.ch","dns1.ixcloud.ch","14400","False","bancaregionale.ch"
"ns","banche-regionali.ch","a16-64.akam.net","14400","False","banche-regionali.ch"
"ns","banche-regionali.ch","a14-64.akam.net","14400","False","banche-regionali.ch"
"ns","banche-regionali.ch","a13-66.akam.net","14400","False","banche-regionali.ch"
"ns","banche-regionali.ch","a1-113.akam.net","14400","False","banche-regionali.ch"
"ns","banche-regionali.ch","dns2.ixcloud.ch","14400","False","banche-regionali.ch"
"ns","banche-regionali.ch","dns1.ixcloud.ch","14400","False","banche-regionali.ch"
"ns","bancheregionali.ch","a16-64.akam.net","14400","False","bancheregionali.ch"
"ns","bancheregionali.ch","a14-64.akam.net","14400","False","bancheregionali.ch"
"ns","bancheregionali.ch","a13-66.akam.net","14400","False","bancheregionali.ch"
"ns","bancheregionali.ch","a1-113.akam.net","14400","False","bancheregionali.ch"
"ns","bancheregionali.ch","dns2.ixcloud.ch","14400","False","bancheregionali.ch"
"ns","bancheregionali.ch","dns1.ixcloud.ch","14400","False","bancheregionali.ch"
"ns","banque-regionale.ch","a16-64.akam.net","14400","False","banque-regionale.ch"
"ns","banque-regionale.ch","a14-64.akam.net","14400","False","banque-regionale.ch"
"ns","banque-regionale.ch","a13-66.akam.net","14400","False","banque-regionale.ch"
"ns","banque-regionale.ch","a1-113.akam.net","14400","False","banque-regionale.ch"
"ns","banque-regionale.ch","dns2.ixcloud.ch","14400","False","banque-regionale.ch"
"ns","banque-regionale.ch","dns1.ixcloud.ch","14400","False","banque-regionale.ch"
"ns","banqueregionale.ch","a16-64.akam.net","14400","False","banqueregionale.ch"
"ns","banqueregionale.ch","a14-64.akam.net","14400","False","banqueregionale.ch"
"ns","banqueregionale.ch","a13-66.akam.net","14400","False","banqueregionale.ch"
"ns","banqueregionale.ch","a1-113.akam.net","14400","False","banqueregionale.ch"
"ns","banqueregionale.ch","dns2.ixcloud.ch","14400","False","banqueregionale.ch"
"ns","banqueregionale.ch","dns1.ixcloud.ch","14400","False","banqueregionale.ch"
"ns","banques-regionales.ch","a16-64.akam.net","14400","False","banques-regionales.ch"
"ns","banques-regionales.ch","a14-64.akam.net","14400","False","banques-regionales.ch"
"ns","banques-regionales.ch","a13-66.akam.net","14400","False","banques-regionales.ch"
"ns","banques-regionales.ch","a1-113.akam.net","14400","False","banques-regionales.ch"
"ns","banques-regionales.ch","dns2.ixcloud.ch","14400","False","banques-regionales.ch"
"ns","banques-regionales.ch","dns1.ixcloud.ch","14400","False","banques-regionales.ch"
"ns","banquesregionales.ch","a16-64.akam.net","14400","False","banquesregionales.ch"
"ns","banquesregionales.ch","a14-64.akam.net","14400","False","banquesregionales.ch"
"ns","banquesregionales.ch","a13-66.akam.net","14400","False","banquesregionales.ch"
"ns","banquesregionales.ch","a1-113.akam.net","14400","False","banquesregionales.ch"
"ns","banquesregionales.ch","dns2.ixcloud.ch","14400","False","banquesregionales.ch"
"ns","banquesregionales.ch","dns1.ixcloud.ch","14400","False","banquesregionales.ch"
"ns","bellerivebanking.ch","a14-64.akam.net","14400","False","bellerivebanking.ch"
"ns","bellerivebanking.ch","a13-66.akam.net","14400","False","bellerivebanking.ch"
"ns","bellerivebanking.ch","a1-113.akam.net","14400","False","bellerivebanking.ch"
"ns","bellerivebanking.ch","dns2.ixcloud.ch","14400","False","bellerivebanking.ch"
"ns","bellerivebanking.ch","dns1.ixcloud.ch","14400","False","bellerivebanking.ch"
"ns","berner-krankenversicherer.ch","a16-64.akam.net","14400","False","berner-krankenversicherer.ch"
"ns","berner-krankenversicherer.ch","a14-64.akam.net","14400","False","berner-krankenversicherer.ch"
"ns","berner-krankenversicherer.ch","a13-66.akam.net","14400","False","berner-krankenversicherer.ch"
"ns","berner-krankenversicherer.ch","a1-113.akam.net","14400","False","berner-krankenversicherer.ch"
"ns","berner-krankenversicherer.ch","dns2.ixcloud.ch","14400","False","berner-krankenversicherer.ch"
"ns","berner-krankenversicherer.ch","dns1.ixcloud.ch","14400","False","berner-krankenversicherer.ch"
"ns","bernerkrankenversicherer.ch","a16-64.akam.net","14400","False","bernerkrankenversicherer.ch"
"ns","bernerkrankenversicherer.ch","a14-64.akam.net","14400","False","bernerkrankenversicherer.ch"
"ns","bernerkrankenversicherer.ch","a13-66.akam.net","14400","False","bernerkrankenversicherer.ch"
"ns","bernerkrankenversicherer.ch","a1-113.akam.net","14400","False","bernerkrankenversicherer.ch"
"ns","bernerkrankenversicherer.ch","dns2.ixcloud.ch","14400","False","bernerkrankenversicherer.ch"
"ns","bernerkrankenversicherer.ch","dns1.ixcloud.ch","14400","False","bernerkrankenversicherer.ch"
"ns","bsiintra.ch","a16-64.akam.net","14400","False","bsiintra.ch"
"ns","bsiintra.ch","a14-64.akam.net","14400","False","bsiintra.ch"
"ns","bsiintra.ch","a13-66.akam.net","14400","False","bsiintra.ch"
"ns","bsiintra.ch","a1-113.akam.net","14400","False","bsiintra.ch"
"ns","bsiintra.ch","dns2.ixcloud.ch","14400","False","bsiintra.ch"
"ns","bsiintra.ch","dns1.ixcloud.ch","14400","False","bsiintra.ch"
"ns","cliintra.ch","dns2.ixcloud.ch","14400","False","cliintra.ch"
"ns","cliintra.ch","dns1.ixcloud.ch","14400","False","cliintra.ch"
"ns","directa.ch","a16-64.akam.net","86400","False","directa.ch"
"ns","directa.ch","a14-64.akam.net","86400","False","directa.ch"
"ns","directa.ch","a13-66.akam.net","86400","False","directa.ch"
"ns","directa.ch","a1-113.akam.net","86400","False","directa.ch"
"ns","directa.ch","dns2.ixcloud.ch","86400","False","directa.ch"
"ns","directa.ch","dns1.ixcloud.ch","86400","False","directa.ch"
"ns","entris-banking.ch","a16-64.akam.net","14400","False","entris-banking.ch"
"ns","entris-banking.ch","a14-64.akam.net","14400","False","entris-banking.ch"
"ns","entris-banking.ch","a13-66.akam.net","14400","False","entris-banking.ch"
"ns","entris-banking.ch","a1-113.akam.net","14400","False","entris-banking.ch"
"ns","entris-banking.ch","dns2.ixcloud.ch","14400","False","entris-banking.ch"
"ns","entris-banking.ch","dns1.ixcloud.ch","14400","False","entris-banking.ch"
"ns","entris-bankning.ch","a16-64.akam.net","14400","False","entris-bankning.ch"
"ns","entris-bankning.ch","a14-64.akam.net","14400","False","entris-bankning.ch"
"ns","entris-bankning.ch","a13-66.akam.net","14400","False","entris-bankning.ch"
"ns","entris-bankning.ch","a1-113.akam.net","14400","False","entris-bankning.ch"
"ns","entris-bankning.ch","dns2.ixcloud.ch","14400","False","entris-bankning.ch"
"ns","entris-bankning.ch","dns1.ixcloud.ch","14400","False","entris-bankning.ch"
"ns","entris-finanz.ch","a16-64.akam.net","14400","False","entris-finanz.ch"
"ns","entris-finanz.ch","a14-64.akam.net","14400","False","entris-finanz.ch"
"ns","entris-finanz.ch","a13-66.akam.net","14400","False","entris-finanz.ch"
"ns","entris-finanz.ch","a1-113.akam.net","14400","False","entris-finanz.ch"
"ns","entris-finanz.ch","dns2.ixcloud.ch","14400","False","entris-finanz.ch"
"ns","entris-finanz.ch","dns1.ixcloud.ch","14400","False","entris-finanz.ch"
"ns","entris-holding.ch","a16-64.akam.net","14400","False","entris-holding.ch"
"ns","entris-holding.ch","a14-64.akam.net","14400","False","entris-holding.ch"
"ns","entris-holding.ch","a13-66.akam.net","14400","False","entris-holding.ch"
"ns","entris-holding.ch","a1-113.akam.net","14400","False","entris-holding.ch"
"ns","entris-holding.ch","dns2.ixcloud.ch","14400","False","entris-holding.ch"
"ns","entris-holding.ch","dns1.ixcloud.ch","14400","False","entris-holding.ch"
"ns","entrisbanking.ch","a16-64.akam.net","14400","False","entrisbanking.ch"
"ns","entrisbanking.ch","a14-64.akam.net","14400","False","entrisbanking.ch"
"ns","entrisbanking.ch","a13-66.akam.net","14400","False","entrisbanking.ch"
"ns","entrisbanking.ch","a1-113.akam.net","14400","False","entrisbanking.ch"
"ns","entrisbanking.ch","dns2.ixcloud.ch","14400","False","entrisbanking.ch"
"ns","entrisbanking.ch","dns1.ixcloud.ch","14400","False","entrisbanking.ch"
"ns","gkb-extra.ch","dns2.ixcloud.ch","14400","False","gkb-extra.ch"
"ns","gkb-extra.ch","dns1.ixcloud.ch","14400","False","gkb-extra.ch"
"ns","gkb.ch","a14-64.akam.net","14400","False","gkb.ch"
"ns","gkb.ch","a13-66.akam.net","14400","False","gkb.ch"
"ns","gkb.ch","a1-113.akam.net","14400","False","gkb.ch"
"ns","gkb.ch","dns2.ixcloud.ch","14400","False","gkb.ch"
"ns","gkb.ch","dns1.ixcloud.ch","14400","False","gkb.ch"
"ns","maileqs._domainkey.gkb.ch","dns2.ixcloud.ch","14400","False","gkb.ch"
"ns","maileqs._domainkey.gkb.ch","dns1.ixcloud.ch","14400","False","gkb.ch"
"ns","events.gkb.ch","dns2.ixcloud.ch","14400","False","gkb.ch"
"ns","events.gkb.ch","dns1.ixcloud.ch","14400","False","gkb.ch"
"ns","jobs.gkb.ch","dns2.ixcloud.ch","14400","False","gkb.ch"
"ns","jobs.gkb.ch","dns1.ixcloud.ch","14400","False","gkb.ch"
"ns","media.gkb.ch","dns2.ixcloud.ch","14400","False","gkb.ch"
"ns","media.gkb.ch","dns1.ixcloud.ch","14400","False","gkb.ch"
"ns","mobile.gkb.ch","dns2.ixcloud.ch","14400","False","gkb.ch"
"ns","mobile.gkb.ch","dns1.ixcloud.ch","14400","False","gkb.ch"
"ns","smtp.gkb.ch","dns2.ixcloud.ch","14400","False","gkb.ch"
"ns","smtp.gkb.ch","dns1.ixcloud.ch","14400","False","gkb.ch"
"ns","gkb.digital","dns2.ixcloud.ch","14400","False","gkb.digital"
"ns","gkb.digital","dns1.ixcloud.ch","14400","False","gkb.digital"
"ns","gkbextra.ch","dns2.ixcloud.ch","14400","False","gkbextra.ch"
"ns","gkbextra.ch","dns1.ixcloud.ch","14400","False","gkbextra.ch"
"ns","gkbtest.ch","dns2.ixcloud.ch","14400","False","gkbtest.ch"
"ns","gkbtest.ch","dns1.ixcloud.ch","14400","False","gkbtest.ch"
"ns","graubuendner-kantonalbank.ch","a14-64.akam.net","14400","False","graubuendner-kantonalbank.ch"
"ns","graubuendner-kantonalbank.ch","a13-66.akam.net","14400","False","graubuendner-kantonalbank.ch"
"ns","graubuendner-kantonalbank.ch","a1-113.akam.net","14400","False","graubuendner-kantonalbank.ch"
"ns","graubuendner-kantonalbank.ch","dns2.ixcloud.ch","14400","False","graubuendner-kantonalbank.ch"
"ns","graubuendner-kantonalbank.ch","dns1.ixcloud.ch","14400","False","graubuendner-kantonalbank.ch"
"ns","graubuendnerkantonalbank.ch","a14-64.akam.net","14400","False","graubuendnerkantonalbank.ch"
"ns","graubuendnerkantonalbank.ch","a13-66.akam.net","14400","False","graubuendnerkantonalbank.ch"
"ns","graubuendnerkantonalbank.ch","a1-113.akam.net","14400","False","graubuendnerkantonalbank.ch"
"ns","graubuendnerkantonalbank.ch","dns2.ixcloud.ch","14400","False","graubuendnerkantonalbank.ch"
"ns","graubuendnerkantonalbank.ch","dns1.ixcloud.ch","14400","False","graubuendnerkantonalbank.ch"
"ns","grkb.ch","a14-64.akam.net","14400","False","grkb.ch"
"ns","grkb.ch","a13-66.akam.net","14400","False","grkb.ch"
"ns","grkb.ch","a1-113.akam.net","14400","False","grkb.ch"
"ns","grkb.ch","dns2.ixcloud.ch","14400","False","grkb.ch"
"ns","grkb.ch","dns1.ixcloud.ch","14400","False","grkb.ch"
"ns","ihfsholding.ch","a16-64.akam.net","60","False","ihfsholding.ch"
"ns","ihfsholding.ch","a14-64.akam.net","60","False","ihfsholding.ch"
"ns","ihfsholding.ch","a13-66.akam.net","60","False","ihfsholding.ch"
"ns","ihfsholding.ch","a1-113.akam.net","60","False","ihfsholding.ch"
"ns","ihfsholding.ch","dns2.ixcloud.ch","60","False","ihfsholding.ch"
"ns","ihfsholding.ch","dns1.ixcloud.ch","60","False","ihfsholding.ch"
"ns","inventx-dev.ch","dns2.ixcloud.ch","14400","False","inventx-dev.ch"
"ns","inventx-dev.ch","dns1.ixcloud.ch","14400","False","inventx-dev.ch"
"ns","inventx.ch","a16-64.akam.net","14400","False","inventx.ch"
"ns","inventx.ch","a14-64.akam.net","14400","False","inventx.ch"
"ns","inventx.ch","a13-66.akam.net","14400","False","inventx.ch"
"ns","inventx.ch","a1-113.akam.net","14400","False","inventx.ch"
"ns","inventx.ch","dns2.ixcloud.ch","14400","False","inventx.ch"
"ns","inventx.ch","dns1.ixcloud.ch","14400","False","inventx.ch"
"ns","contact.inventx.ch","dns2.ixcloud.ch","14400","False","inventx.ch"
"ns","contact.inventx.ch","dns1.ixcloud.ch","14400","False","inventx.ch"
"ns","idp.inventx.ch","dns2.ixcloud.ch","14400","False","inventx.ch"
"ns","idp.inventx.ch","dns1.ixcloud.ch","14400","False","inventx.ch"
"ns","inventx.com","a16-64.akam.net","14400","False","inventx.com"
"ns","inventx.com","a14-64.akam.net","14400","False","inventx.com"
"ns","inventx.com","a13-66.akam.net","14400","False","inventx.com"
"ns","inventx.com","a1-113.akam.net","14400","False","inventx.com"
"ns","inventx.com","dns2.ixcloud.ch","14400","False","inventx.com"
"ns","inventx.com","dns1.ixcloud.ch","14400","False","inventx.com"
"ns","inventx.li","a16-64.akam.net","28800","False","inventx.li"
"ns","inventx.li","a14-64.akam.net","28800","False","inventx.li"
"ns","inventx.li","a13-66.akam.net","28800","False","inventx.li"
"ns","inventx.li","a1-113.akam.net","28800","False","inventx.li"
"ns","inventx.li","dns2.ixcloud.ch","28800","False","inventx.li"
"ns","inventx.li","dns1.ixcloud.ch","28800","False","inventx.li"
"ns","inventx.swiss","a16-64.akam.net","14400","False","inventx.swiss"
"ns","inventx.swiss","a14-64.akam.net","14400","False","inventx.swiss"
"ns","inventx.swiss","a13-66.akam.net","14400","False","inventx.swiss"
"ns","inventx.swiss","a1-113.akam.net","14400","False","inventx.swiss"
"ns","inventx.swiss","dns2.ixcloud.ch","14400","False","inventx.swiss"
"ns","inventx.swiss","dns1.ixcloud.ch","14400","False","inventx.swiss"
"ns","ixacademy.ch","a16-64.akam.net","14400","False","ixacademy.ch"
"ns","ixacademy.ch","a14-64.akam.net","14400","False","ixacademy.ch"
"ns","ixacademy.ch","a13-66.akam.net","14400","False","ixacademy.ch"
"ns","ixacademy.ch","a1-113.akam.net","14400","False","ixacademy.ch"
"ns","ixacademy.ch","dns2.ixcloud.ch","14400","False","ixacademy.ch"
"ns","ixacademy.ch","dns1.ixcloud.ch","14400","False","ixacademy.ch"
"ns","ixcloud.ch","a16-64.akam.net","3600","False","ixcloud.ch"
"ns","ixcloud.ch","a14-64.akam.net","3600","False","ixcloud.ch"
"ns","ixcloud.ch","a13-66.akam.net","3600","False","ixcloud.ch"
"ns","ixcloud.ch","a1-113.akam.net","3600","False","ixcloud.ch"
"ns","ixcloud.ch","dns2.ixcloud.ch","3600","False","ixcloud.ch"
"ns","ixcloud.ch","dns1.ixcloud.ch","3600","False","ixcloud.ch"
"ns","az.ixcloud.ch","ns-cloud-c3.googledomains.com","3600","False","ixcloud.ch"
"ns","az.ixcloud.ch","ns-cloud-c4.googledomains.com","3600","False","ixcloud.ch"
"ns","az.ixcloud.ch","ns-cloud-c2.googledomains.com","3600","False","ixcloud.ch"
"ns","az.ixcloud.ch","ns-cloud-c1.googledomains.com","3600","False","ixcloud.ch"
"ns","gce.ixcloud.ch","ns-cloud-a4.googledomains.com","3600","False","ixcloud.ch"
"ns","gce.ixcloud.ch","ns-cloud-a1.googledomains.com","3600","False","ixcloud.ch"
"ns","gce.ixcloud.ch","ns-cloud-a2.googledomains.com","3600","False","ixcloud.ch"
"ns","gce.ixcloud.ch","ns-cloud-a3.googledomains.com","3600","False","ixcloud.ch"
"ns","idp.ixcloud.ch","dns2.ixcloud.ch","3600","False","ixcloud.ch"
"ns","idp.ixcloud.ch","dns1.ixcloud.ch","3600","False","ixcloud.ch"
"ns","ixcmp.ixcloud.ch","ns4.dnsimple.com","3600","False","ixcloud.ch"
"ns","ixcmp.ixcloud.ch","ns1.dnsimple.com","3600","False","ixcloud.ch"
"ns","ixcmp.ixcloud.ch","ns3.dnsimple.com","3600","False","ixcloud.ch"
"ns","ixcmp.ixcloud.ch","ns2.dnsimple.com","3600","False","ixcloud.ch"
"ns","k8s.ixcloud.ch","ns-cloud-d1.googledomains.com","3600","False","ixcloud.ch"
"ns","k8s.ixcloud.ch","ns-cloud-d4.googledomains.com","3600","False","ixcloud.ch"
"ns","k8s.ixcloud.ch","ns-cloud-d3.googledomains.com","3600","False","ixcloud.ch"
"ns","k8s.ixcloud.ch","ns-cloud-d2.googledomains.com","3600","False","ixcloud.ch"
"ns","ixofp.ch","a16-64.akam.net","14400","False","ixofp.ch"
"ns","ixofp.ch","a14-64.akam.net","14400","False","ixofp.ch"
"ns","ixofp.ch","a13-66.akam.net","14400","False","ixofp.ch"
"ns","ixofp.ch","a1-113.akam.net","14400","False","ixofp.ch"
"ns","ixofp.ch","dns2.ixcloud.ch","14400","False","ixofp.ch"
"ns","ixofp.ch","dns1.ixcloud.ch","14400","False","ixofp.ch"
"ns","lof.ixofp.ch","dns2.ixcloud.ch","14400","False","ixofp.ch"
"ns","lof.ixofp.ch","dns1.ixcloud.ch","14400","False","ixofp.ch"
"ns","ixshared.ch","a16-64.akam.net","14400","False","ixshared.ch"
"ns","ixshared.ch","a14-64.akam.net","14400","False","ixshared.ch"
"ns","ixshared.ch","a13-66.akam.net","14400","False","ixshared.ch"
"ns","ixshared.ch","a1-113.akam.net","14400","False","ixshared.ch"
"ns","ixshared.ch","dns2.ixcloud.ch","14400","False","ixshared.ch"
"ns","ixshared.ch","dns1.ixcloud.ch","14400","False","ixshared.ch"
"ns","kpt-dev.ch","dns2.ixcloud.ch","28800","False","kpt-dev.ch"
"ns","kpt-dev.ch","dns1.ixcloud.ch","28800","False","kpt-dev.ch"
"ns","kpt-tst.ch","dns2.ixcloud.ch","28800","False","kpt-tst.ch"
"ns","kpt-tst.ch","dns1.ixcloud.ch","28800","False","kpt-tst.ch"
"ns","krankenversicherung-visana.ch","a16-64.akam.net","14400","False","krankenversicherung-visana.ch"
"ns","krankenversicherung-visana.ch","a14-64.akam.net","14400","False","krankenversicherung-visana.ch"
"ns","krankenversicherung-visana.ch","a13-66.akam.net","14400","False","krankenversicherung-visana.ch"
"ns","krankenversicherung-visana.ch","a1-113.akam.net","14400","False","krankenversicherung-visana.ch"
"ns","krankenversicherung-visana.ch","dns2.ixcloud.ch","14400","False","krankenversicherung-visana.ch"
"ns","krankenversicherung-visana.ch","dns1.ixcloud.ch","14400","False","krankenversicherung-visana.ch"
"ns","my-visana.ch","a16-64.akam.net","14400","False","my-visana.ch"
"ns","my-visana.ch","a14-64.akam.net","14400","False","my-visana.ch"
"ns","my-visana.ch","a13-66.akam.net","14400","False","my-visana.ch"
"ns","my-visana.ch","a1-113.akam.net","14400","False","my-visana.ch"
"ns","my-visana.ch","dns2.ixcloud.ch","14400","False","my-visana.ch"
"ns","my-visana.ch","dns1.ixcloud.ch","14400","False","my-visana.ch"
"ns","mypoints.ch","a16-64.akam.net","14400","False","mypoints.ch"
"ns","mypoints.ch","a14-64.akam.net","14400","False","mypoints.ch"
"ns","mypoints.ch","a13-66.akam.net","14400","False","mypoints.ch"
"ns","mypoints.ch","a1-113.akam.net","14400","False","mypoints.ch"
"ns","mypoints.ch","dns2.ixcloud.ch","14400","False","mypoints.ch"
"ns","mypoints.ch","dns1.ixcloud.ch","14400","False","mypoints.ch"
"ns","myvisana.ch","a16-64.akam.net","14400","False","myvisana.ch"
"ns","myvisana.ch","a14-64.akam.net","14400","False","myvisana.ch"
"ns","myvisana.ch","a13-66.akam.net","14400","False","myvisana.ch"
"ns","myvisana.ch","a1-113.akam.net","14400","False","myvisana.ch"
"ns","myvisana.ch","dns2.ixcloud.ch","14400","False","myvisana.ch"
"ns","myvisana.ch","dns1.ixcloud.ch","14400","False","myvisana.ch"
"ns","oninventx.ch","a16-64.akam.net","28800","False","oninventx.ch"
"ns","oninventx.ch","a14-64.akam.net","28800","False","oninventx.ch"
"ns","oninventx.ch","a13-66.akam.net","28800","False","oninventx.ch"
"ns","oninventx.ch","a1-113.akam.net","28800","False","oninventx.ch"
"ns","oninventx.ch","dns2.ixcloud.ch","28800","False","oninventx.ch"
"ns","oninventx.ch","dns1.ixcloud.ch","28800","False","oninventx.ch"
"ns","oninventx.ch","a16-64.akam.net","28800","False","oninventx.ch"
"ns","oninventx.ch","a14-64.akam.net","28800","False","oninventx.ch"
"ns","oninventx.ch","a13-66.akam.net","28800","False","oninventx.ch"
"ns","oninventx.ch","a1-113.akam.net","28800","False","oninventx.ch"
"ns","oninventx.ch","dns2.ixcloud.ch","28800","False","oninventx.ch"
"ns","oninventx.ch","dns1.ixcloud.ch","28800","False","oninventx.ch"
"ns","oninventx.com","a16-64.akam.net","28800","False","oninventx.com"
"ns","oninventx.com","a14-64.akam.net","28800","False","oninventx.com"
"ns","oninventx.com","a13-66.akam.net","28800","False","oninventx.com"
"ns","oninventx.com","a1-113.akam.net","28800","False","oninventx.com"
"ns","oninventx.com","dns2.ixcloud.ch","28800","False","oninventx.com"
"ns","oninventx.com","dns1.ixcloud.ch","28800","False","oninventx.com"
"ns","pbbellerive.ch","a14-64.akam.net","14400","False","pbbellerive.ch"
"ns","pbbellerive.ch","a13-66.akam.net","14400","False","pbbellerive.ch"
"ns","pbbellerive.ch","a1-113.akam.net","14400","False","pbbellerive.ch"
"ns","pbbellerive.ch","dns2.ixcloud.ch","14400","False","pbbellerive.ch"
"ns","pbbellerive.ch","dns1.ixcloud.ch","14400","False","pbbellerive.ch"
"ns","pbbellerive.com","dns2.ixcloud.ch","14400","False","pbbellerive.com"
"ns","pbbellerive.com","dns1.ixcloud.ch","14400","False","pbbellerive.com"
"ns","pbihag.ch","a16-64.akam.net","14400","False","pbihag.ch"
"ns","pbihag.ch","a14-64.akam.net","14400","False","pbihag.ch"
"ns","pbihag.ch","a13-66.akam.net","14400","False","pbihag.ch"
"ns","pbihag.ch","a1-113.akam.net","14400","False","pbihag.ch"
"ns","pbihag.ch","dns2.ixcloud.ch","14400","False","pbihag.ch"
"ns","pbihag.ch","dns1.ixcloud.ch","14400","False","pbihag.ch"
"ns","ebanking.pbihag.ch","dns2.ixcloud.ch","14400","False","pbihag.ch"
"ns","ebanking.pbihag.ch","dns1.ixcloud.ch","14400","False","pbihag.ch"
"ns","privor.ch","a16-64.akam.net","14400","False","privor.ch"
"ns","privor.ch","a14-64.akam.net","14400","False","privor.ch"
"ns","privor.ch","a13-66.akam.net","14400","False","privor.ch"
"ns","privor.ch","a1-113.akam.net","14400","False","privor.ch"
"ns","privor.ch","dns2.ixcloud.ch","14400","False","privor.ch"
"ns","privor.ch","dns1.ixcloud.ch","14400","False","privor.ch"
"ns","proventx.ch","a16-64.akam.net","120","False","proventx.ch"
"ns","proventx.ch","a14-64.akam.net","120","False","proventx.ch"
"ns","proventx.ch","a13-66.akam.net","120","False","proventx.ch"
"ns","proventx.ch","a1-113.akam.net","120","False","proventx.ch"
"ns","proventx.ch","dns2.ixcloud.ch","120","False","proventx.ch"
"ns","proventx.ch","dns1.ixcloud.ch","120","False","proventx.ch"
"ns","pvs-visana.ch","dns2.ixcloud.ch","14400","False","pvs-visana.ch"
"ns","pvs-visana.ch","dns1.ixcloud.ch","14400","False","pvs-visana.ch"
"ns","regional-banken.ch","a16-64.akam.net","14400","False","regional-banken.ch"
"ns","regional-banken.ch","a14-64.akam.net","14400","False","regional-banken.ch"
"ns","regional-banken.ch","a13-66.akam.net","14400","False","regional-banken.ch"
"ns","regional-banken.ch","a1-113.akam.net","14400","False","regional-banken.ch"
"ns","regional-banken.ch","dns2.ixcloud.ch","14400","False","regional-banken.ch"
"ns","regional-banken.ch","dns1.ixcloud.ch","14400","False","regional-banken.ch"
"ns","regionalbank.ch","a16-64.akam.net","14400","False","regionalbank.ch"
"ns","regionalbank.ch","a14-64.akam.net","14400","False","regionalbank.ch"
"ns","regionalbank.ch","a13-66.akam.net","14400","False","regionalbank.ch"
"ns","regionalbank.ch","a1-113.akam.net","14400","False","regionalbank.ch"
"ns","regionalbank.ch","dns2.ixcloud.ch","14400","False","regionalbank.ch"
"ns","regionalbank.ch","dns1.ixcloud.ch","14400","False","regionalbank.ch"
"ns","regionalbanken.ch","a16-64.akam.net","14400","False","regionalbanken.ch"
"ns","regionalbanken.ch","a14-64.akam.net","14400","False","regionalbanken.ch"
"ns","regionalbanken.ch","a13-66.akam.net","14400","False","regionalbanken.ch"
"ns","regionalbanken.ch","a1-113.akam.net","14400","False","regionalbanken.ch"
"ns","regionalbanken.ch","dns2.ixcloud.ch","14400","False","regionalbanken.ch"
"ns","regionalbanken.ch","dns1.ixcloud.ch","14400","False","regionalbanken.ch"
"ns","romontschia.ch","a16-64.akam.net","14400","False","romontschia.ch"
"ns","romontschia.ch","a14-64.akam.net","14400","False","romontschia.ch"
"ns","romontschia.ch","a13-66.akam.net","14400","False","romontschia.ch"
"ns","romontschia.ch","a1-113.akam.net","14400","False","romontschia.ch"
"ns","romontschia.ch","dns2.ixcloud.ch","14400","False","romontschia.ch"
"ns","romontschia.ch","dns1.ixcloud.ch","14400","False","romontschia.ch"
"ns","sana-24.ch","a16-64.akam.net","14400","False","sana-24.ch"
"ns","sana-24.ch","a14-64.akam.net","14400","False","sana-24.ch"
"ns","sana-24.ch","a13-66.akam.net","14400","False","sana-24.ch"
"ns","sana-24.ch","a1-113.akam.net","14400","False","sana-24.ch"
"ns","sana-24.ch","dns2.ixcloud.ch","14400","False","sana-24.ch"
"ns","sana-24.ch","dns1.ixcloud.ch","14400","False","sana-24.ch"
"ns","sana24.ch","a16-64.akam.net","14400","False","sana24.ch"
"ns","sana24.ch","a14-64.akam.net","14400","False","sana24.ch"
"ns","sana24.ch","a13-66.akam.net","14400","False","sana24.ch"
"ns","sana24.ch","a1-113.akam.net","14400","False","sana24.ch"
"ns","sana24.ch","dns2.ixcloud.ch","14400","False","sana24.ch"
"ns","sana24.ch","dns1.ixcloud.ch","14400","False","sana24.ch"
"ns","saveyourfriends.ch","a16-64.akam.net","14400","False","saveyourfriends.ch"
"ns","saveyourfriends.ch","a14-64.akam.net","14400","False","saveyourfriends.ch"
"ns","saveyourfriends.ch","a13-66.akam.net","14400","False","saveyourfriends.ch"
"ns","saveyourfriends.ch","a1-113.akam.net","14400","False","saveyourfriends.ch"
"ns","saveyourfriends.ch","dns2.ixcloud.ch","14400","False","saveyourfriends.ch"
"ns","saveyourfriends.ch","dns1.ixcloud.ch","14400","False","saveyourfriends.ch"
"ns","stratusworks.ch","a16-64.akam.net","14400","False","stratusworks.ch"
"ns","stratusworks.ch","a14-64.akam.net","14400","False","stratusworks.ch"
"ns","stratusworks.ch","a13-66.akam.net","14400","False","stratusworks.ch"
"ns","stratusworks.ch","a1-113.akam.net","14400","False","stratusworks.ch"
"ns","stratusworks.ch","dns2.ixcloud.ch","14400","False","stratusworks.ch"
"ns","stratusworks.ch","dns1.ixcloud.ch","14400","False","stratusworks.ch"
"ns","swissic.ch","a16-64.akam.net","14400","False","swissic.ch"
"ns","swissic.ch","a14-64.akam.net","14400","False","swissic.ch"
"ns","swissic.ch","a13-66.akam.net","14400","False","swissic.ch"
"ns","swissic.ch","a1-113.akam.net","14400","False","swissic.ch"
"ns","swissic.ch","dns2.ixcloud.ch","14400","False","swissic.ch"
"ns","swissic.ch","dns1.ixcloud.ch","14400","False","swissic.ch"
"ns","swissic.net","a16-64.akam.net","14400","False","swissic.net"
"ns","swissic.net","a14-64.akam.net","14400","False","swissic.net"
"ns","swissic.net","a13-66.akam.net","14400","False","swissic.net"
"ns","swissic.net","a1-113.akam.net","14400","False","swissic.net"
"ns","swissic.net","dns2.ixcloud.ch","14400","False","swissic.net"
"ns","swissic.net","dns1.ixcloud.ch","14400","False","swissic.net"
"ns","visana-ag.ch","a16-64.akam.net","14400","False","visana-ag.ch"
"ns","visana-ag.ch","a14-64.akam.net","14400","False","visana-ag.ch"
"ns","visana-ag.ch","a13-66.akam.net","14400","False","visana-ag.ch"
"ns","visana-ag.ch","a1-113.akam.net","14400","False","visana-ag.ch"
"ns","visana-ag.ch","dns2.ixcloud.ch","14400","False","visana-ag.ch"
"ns","visana-ag.ch","dns1.ixcloud.ch","14400","False","visana-ag.ch"
"ns","visana-ag.com","a16-64.akam.net","14400","False","visana-ag.com"
"ns","visana-ag.com","a14-64.akam.net","14400","False","visana-ag.com"
"ns","visana-ag.com","a13-66.akam.net","14400","False","visana-ag.com"
"ns","visana-ag.com","a1-113.akam.net","14400","False","visana-ag.com"
"ns","visana-ag.com","dns2.ixcloud.ch","14400","False","visana-ag.com"
"ns","visana-ag.com","dns1.ixcloud.ch","14400","False","visana-ag.com"
"ns","visana-club.ch","a16-64.akam.net","14400","False","visana-club.ch"
"ns","visana-club.ch","a14-64.akam.net","14400","False","visana-club.ch"
"ns","visana-club.ch","a13-66.akam.net","14400","False","visana-club.ch"
"ns","visana-club.ch","a1-113.akam.net","14400","False","visana-club.ch"
"ns","visana-club.ch","dns2.ixcloud.ch","14400","False","visana-club.ch"
"ns","visana-club.ch","dns1.ixcloud.ch","14400","False","visana-club.ch"
"ns","visana-finanz.ch","a16-64.akam.net","14400","False","visana-finanz.ch"
"ns","visana-finanz.ch","a14-64.akam.net","14400","False","visana-finanz.ch"
"ns","visana-finanz.ch","a13-66.akam.net","14400","False","visana-finanz.ch"
"ns","visana-finanz.ch","a1-113.akam.net","14400","False","visana-finanz.ch"
"ns","visana-finanz.ch","dns2.ixcloud.ch","14400","False","visana-finanz.ch"
"ns","visana-finanz.ch","dns1.ixcloud.ch","14400","False","visana-finanz.ch"
"ns","visana-plus.ch","a16-64.akam.net","14400","False","visana-plus.ch"
"ns","visana-plus.ch","a14-64.akam.net","14400","False","visana-plus.ch"
"ns","visana-plus.ch","a13-66.akam.net","14400","False","visana-plus.ch"
"ns","visana-plus.ch","a1-113.akam.net","14400","False","visana-plus.ch"
"ns","visana-plus.ch","dns2.ixcloud.ch","14400","False","visana-plus.ch"
"ns","visana-plus.ch","dns1.ixcloud.ch","14400","False","visana-plus.ch"
"ns","visana-services.com","a16-64.akam.net","14400","False","visana-services.com"
"ns","visana-services.com","a14-64.akam.net","14400","False","visana-services.com"
"ns","visana-services.com","a13-66.akam.net","14400","False","visana-services.com"
"ns","visana-services.com","a1-113.akam.net","14400","False","visana-services.com"
"ns","visana-services.com","dns2.ixcloud.ch","14400","False","visana-services.com"
"ns","visana-services.com","dns1.ixcloud.ch","14400","False","visana-services.com"
"ns","visana-versicherung.ch","a16-64.akam.net","14400","False","visana-versicherung.ch"
"ns","visana-versicherung.ch","a14-64.akam.net","14400","False","visana-versicherung.ch"
"ns","visana-versicherung.ch","a13-66.akam.net","14400","False","visana-versicherung.ch"
"ns","visana-versicherung.ch","a1-113.akam.net","14400","False","visana-versicherung.ch"
"ns","visana-versicherung.ch","dns2.ixcloud.ch","14400","False","visana-versicherung.ch"
"ns","visana-versicherung.ch","dns1.ixcloud.ch","14400","False","visana-versicherung.ch"
"ns","visana-versicherungen.ch","a16-64.akam.net","14400","False","visana-versicherungen.ch"
"ns","visana-versicherungen.ch","a14-64.akam.net","14400","False","visana-versicherungen.ch"
"ns","visana-versicherungen.ch","a13-66.akam.net","14400","False","visana-versicherungen.ch"
"ns","visana-versicherungen.ch","a1-113.akam.net","14400","False","visana-versicherungen.ch"
"ns","visana-versicherungen.ch","dns2.ixcloud.ch","14400","False","visana-versicherungen.ch"
"ns","visana-versicherungen.ch","dns1.ixcloud.ch","14400","False","visana-versicherungen.ch"
"ns","visana.ch","a16-64.akam.net","14400","False","visana.ch"
"ns","visana.ch","a14-64.akam.net","14400","False","visana.ch"
"ns","visana.ch","a13-66.akam.net","14400","False","visana.ch"
"ns","visana.ch","a1-113.akam.net","14400","False","visana.ch"
"ns","visana.ch","dns2.ixcloud.ch","14400","False","visana.ch"
"ns","visana.ch","dns1.ixcloud.ch","14400","False","visana.ch"
"ns","abna-service.visana.ch","dns2.ixcloud.ch","14400","False","visana.ch"
"ns","abna-service.visana.ch","dns1.ixcloud.ch","14400","False","visana.ch"
"ns","abna-www.visana.ch","dns2.ixcloud.ch","14400","False","visana.ch"
"ns","abna-www.visana.ch","dns1.ixcloud.ch","14400","False","visana.ch"
"ns","aladin.visana.ch","dns2.ixcloud.ch","14400","False","visana.ch"
"ns","aladin.visana.ch","dns1.ixcloud.ch","14400","False","visana.ch"
"ns","assicurazioni.visana.ch","dns2.ixcloud.ch","14400","False","visana.ch"
"ns","assicurazioni.visana.ch","dns1.ixcloud.ch","14400","False","visana.ch"
"ns","assurances.visana.ch","dns2.ixcloud.ch","14400","False","visana.ch"
"ns","assurances.visana.ch","dns1.ixcloud.ch","14400","False","visana.ch"
"ns","avb.visana.ch","dns2.ixcloud.ch","14400","False","visana.ch"
"ns","avb.visana.ch","dns1.ixcloud.ch","14400","False","visana.ch"
"ns","brand-hub.visana.ch","dns2.ixcloud.ch","14400","False","visana.ch"
"ns","brand-hub.visana.ch","dns1.ixcloud.ch","14400","False","visana.ch"
"ns","bsi.visana.ch","dns2.ixcloud.ch","14400","False","visana.ch"
"ns","bsi.visana.ch","dns1.ixcloud.ch","14400","False","visana.ch"
"ns","campaign.visana.ch","dns2.ixcloud.ch","14400","False","visana.ch"
"ns","campaign.visana.ch","dns1.ixcloud.ch","14400","False","visana.ch"
"ns","campaigns.visana.ch","dns2.ixcloud.ch","14400","False","visana.ch"
"ns","campaigns.visana.ch","dns1.ixcloud.ch","14400","False","visana.ch"
"ns","cinema.visana.ch","dns2.ixcloud.ch","14400","False","visana.ch"
"ns","cinema.visana.ch","dns1.ixcloud.ch","14400","False","visana.ch"
"ns","collect.visana.ch","dns2.ixcloud.ch","14400","False","visana.ch"
"ns","collect.visana.ch","dns1.ixcloud.ch","14400","False","visana.ch"
"ns","curaxprod.visana.ch","dns2.ixcloud.ch","14400","False","visana.ch"
"ns","curaxprod.visana.ch","dns1.ixcloud.ch","14400","False","visana.ch"
"ns","curaxtest.visana.ch","dns2.ixcloud.ch","14400","False","visana.ch"
"ns","curaxtest.visana.ch","dns1.ixcloud.ch","14400","False","visana.ch"
"ns","dashboard.visana.ch","dns2.ixcloud.ch","14400","False","visana.ch"
"ns","dashboard.visana.ch","dns1.ixcloud.ch","14400","False","visana.ch"
"ns","dashboard-test.visana.ch","dns2.ixcloud.ch","14400","False","visana.ch"
"ns","dashboard-test.visana.ch","dns1.ixcloud.ch","14400","False","visana.ch"
"ns","dashboard-uat.visana.ch","dns2.ixcloud.ch","14400","False","visana.ch"
"ns","dashboard-uat.visana.ch","dns1.ixcloud.ch","14400","False","visana.ch"
"ns","directa.visana.ch","dns2.ixcloud.ch","14400","False","visana.ch"
"ns","directa.visana.ch","dns1.ixcloud.ch","14400","False","visana.ch"
"ns","doora2.visana.ch","dns2.ixcloud.ch","14400","False","visana.ch"
"ns","doora2.visana.ch","dns1.ixcloud.ch","14400","False","visana.ch"
"ns","entry-abna.visana.ch","dns2.ixcloud.ch","14400","False","visana.ch"
"ns","entry-abna.visana.ch","dns1.ixcloud.ch","14400","False","visana.ch"
"ns","entw-service.visana.ch","dns2.ixcloud.ch","14400","False","visana.ch"
"ns","entw-service.visana.ch","dns1.ixcloud.ch","14400","False","visana.ch"
"ns","feedback.visana.ch","dns2.ixcloud.ch","14400","False","visana.ch"
"ns","feedback.visana.ch","dns1.ixcloud.ch","14400","False","visana.ch"
"ns","fit.visana.ch","dns2.ixcloud.ch","14400","False","visana.ch"
"ns","fit.visana.ch","dns1.ixcloud.ch","14400","False","visana.ch"
"ns","info.visana.ch","dns2.ixcloud.ch","14400","False","visana.ch"
"ns","info.visana.ch","dns1.ixcloud.ch","14400","False","visana.ch"
"ns","intg-my.visana.ch","dns2.ixcloud.ch","14400","False","visana.ch"
"ns","intg-my.visana.ch","dns1.ixcloud.ch","14400","False","visana.ch"
"ns","job.visana.ch","dns2.ixcloud.ch","14400","False","visana.ch"
"ns","job.visana.ch","dns1.ixcloud.ch","14400","False","visana.ch"
"ns","jobs.visana.ch","dns2.ixcloud.ch","14400","False","visana.ch"
"ns","jobs.visana.ch","dns1.ixcloud.ch","14400","False","visana.ch"
"ns","learning.visana.ch","dns2.ixcloud.ch","14400","False","visana.ch"
"ns","learning.visana.ch","dns1.ixcloud.ch","14400","False","visana.ch"
"ns","liegenschaftsverwaltung.visana.ch","dns2.ixcloud.ch","14400","False","visana.ch"
"ns","liegenschaftsverwaltung.visana.ch","dns1.ixcloud.ch","14400","False","visana.ch"
"ns","mailsecgw-exo.visana.ch","dns2.ixcloud.ch","14400","False","visana.ch"
"ns","mailsecgw-exo.visana.ch","dns1.ixcloud.ch","14400","False","visana.ch"
"ns","medidoc.visana.ch","dns2.ixcloud.ch","14400","False","visana.ch"
"ns","medidoc.visana.ch","dns1.ixcloud.ch","14400","False","visana.ch"
"ns","medidoctest.visana.ch","dns2.ixcloud.ch","14400","False","visana.ch"
"ns","medidoctest.visana.ch","dns1.ixcloud.ch","14400","False","visana.ch"
"ns","mft.visana.ch","dns2.ixcloud.ch","14400","False","visana.ch"
"ns","mft.visana.ch","dns1.ixcloud.ch","14400","False","visana.ch"
"ns","mobile.visana.ch","dns2.ixcloud.ch","14400","False","visana.ch"
"ns","mobile.visana.ch","dns1.ixcloud.ch","14400","False","visana.ch"
"ns","nonprod-app.visana.ch","dns2.ixcloud.ch","14400","False","visana.ch"
"ns","nonprod-app.visana.ch","dns1.ixcloud.ch","14400","False","visana.ch"
"ns","nonprod-dap.visana.ch","dns2.ixcloud.ch","14400","False","visana.ch"
"ns","nonprod-dap.visana.ch","dns1.ixcloud.ch","14400","False","visana.ch"
"ns","nonprod-entry.visana.ch","dns2.ixcloud.ch","14400","False","visana.ch"
"ns","nonprod-entry.visana.ch","dns1.ixcloud.ch","14400","False","visana.ch"
"ns","nonprod-mft.visana.ch","dns2.ixcloud.ch","14400","False","visana.ch"
"ns","nonprod-mft.visana.ch","dns1.ixcloud.ch","14400","False","visana.ch"
"ns","nonprod-my.visana.ch","dns2.ixcloud.ch","14400","False","visana.ch"
"ns","nonprod-my.visana.ch","dns1.ixcloud.ch","14400","False","visana.ch"
"ns","nonprod-receiver.visana.ch","dns2.ixcloud.ch","14400","False","visana.ch"
"ns","nonprod-receiver.visana.ch","dns1.ixcloud.ch","14400","False","visana.ch"
"ns","phishingdashboard.visana.ch","dns2.ixcloud.ch","14400","False","visana.ch"
"ns","phishingdashboard.visana.ch","dns1.ixcloud.ch","14400","False","visana.ch"
"ns","referral.visana.ch","dns2.ixcloud.ch","14400","False","visana.ch"
"ns","referral.visana.ch","dns1.ixcloud.ch","14400","False","visana.ch"
"ns","retop.visana.ch","dns2.ixcloud.ch","14400","False","visana.ch"
"ns","retop.visana.ch","dns1.ixcloud.ch","14400","False","visana.ch"
"ns","service.visana.ch","dns2.ixcloud.ch","14400","False","visana.ch"
"ns","service.visana.ch","dns1.ixcloud.ch","14400","False","visana.ch"
"ns","service-cus01.visana.ch","dns1.ixcloud.ch","14400","False","visana.ch"
"ns","service-cus01.visana.ch","dns2.ixcloud.ch","14400","False","visana.ch"
"ns","service-cus02.visana.ch","dns1.ixcloud.ch","14400","False","visana.ch"
"ns","service-cus02.visana.ch","dns2.ixcloud.ch","14400","False","visana.ch"
"ns","service-dev01.visana.ch","dns1.ixcloud.ch","14400","False","visana.ch"
"ns","service-dev01.visana.ch","dns2.ixcloud.ch","14400","False","visana.ch"
"ns","service-int01.visana.ch","dns1.ixcloud.ch","14400","False","visana.ch"
"ns","service-int01.visana.ch","dns2.ixcloud.ch","14400","False","visana.ch"
"ns","service-int05.visana.ch","dns1.ixcloud.ch","14400","False","visana.ch"
"ns","service-int05.visana.ch","dns2.ixcloud.ch","14400","False","visana.ch"
"ns","shop.visana.ch","dns2.ixcloud.ch","14400","False","visana.ch"
"ns","shop.visana.ch","dns1.ixcloud.ch","14400","False","visana.ch"
"ns","sponsoring.visana.ch","dns2.ixcloud.ch","14400","False","visana.ch"
"ns","sponsoring.visana.ch","dns1.ixcloud.ch","14400","False","visana.ch"
"ns","sprint.visana.ch","dns2.ixcloud.ch","14400","False","visana.ch"
"ns","sprint.visana.ch","dns1.ixcloud.ch","14400","False","visana.ch"
"ns","survey.visana.ch","dns2.ixcloud.ch","14400","False","visana.ch"
"ns","survey.visana.ch","dns1.ixcloud.ch","14400","False","visana.ch"
"ns","test.visana.ch","dns2.ixcloud.ch","14400","False","visana.ch"
"ns","test.visana.ch","dns1.ixcloud.ch","14400","False","visana.ch"
"ns","test-my.visana.ch","dns2.ixcloud.ch","14400","False","visana.ch"
"ns","test-my.visana.ch","dns1.ixcloud.ch","14400","False","visana.ch"
"ns","uk.visana.ch","dns2.ixcloud.ch","14400","False","visana.ch"
"ns","uk.visana.ch","dns1.ixcloud.ch","14400","False","visana.ch"
"ns","versicherungen.visana.ch","dns2.ixcloud.ch","14400","False","visana.ch"
"ns","versicherungen.visana.ch","dns1.ixcloud.ch","14400","False","visana.ch"
"ns","vss-hybrid.visana.ch","dns2.ixcloud.ch","14400","False","visana.ch"
"ns","vss-hybrid.visana.ch","dns1.ixcloud.ch","14400","False","visana.ch"
"ns","vss-hybrid05.visana.ch","dns2.ixcloud.ch","14400","False","visana.ch"
"ns","vss-hybrid05.visana.ch","dns1.ixcloud.ch","14400","False","visana.ch"
"ns","vss-hybrid06.visana.ch","dns2.ixcloud.ch","14400","False","visana.ch"
"ns","vss-hybrid06.visana.ch","dns1.ixcloud.ch","14400","False","visana.ch"
"ns","visana.com","a16-64.akam.net","14400","False","visana.com"
"ns","visana.com","a14-64.akam.net","14400","False","visana.com"
"ns","visana.com","a13-66.akam.net","14400","False","visana.com"
"ns","visana.com","a1-113.akam.net","14400","False","visana.com"
"ns","visana.com","dns2.ixcloud.ch","14400","False","visana.com"
"ns","visana.com","dns1.ixcloud.ch","14400","False","visana.com"
"ns","visana.eu","a16-64.akam.net","14400","False","visana.eu"
"ns","visana.eu","a14-64.akam.net","14400","False","visana.eu"
"ns","visana.eu","a13-66.akam.net","14400","False","visana.eu"
"ns","visana.eu","a1-113.akam.net","14400","False","visana.eu"
"ns","visana.eu","dns2.ixcloud.ch","14400","False","visana.eu"
"ns","visana.eu","dns1.ixcloud.ch","14400","False","visana.eu"
"ns","visanaclub.ch","a16-64.akam.net","14400","False","visanaclub.ch"
"ns","visanaclub.ch","a14-64.akam.net","14400","False","visanaclub.ch"
"ns","visanaclub.ch","a13-66.akam.net","14400","False","visanaclub.ch"
"ns","visanaclub.ch","a1-113.akam.net","14400","False","visanaclub.ch"
"ns","visanaclub.ch","dns2.ixcloud.ch","14400","False","visanaclub.ch"
"ns","visanaclub.ch","dns1.ixcloud.ch","14400","False","visanaclub.ch"
"ns","visanaplus.ch","a16-64.akam.net","14400","False","visanaplus.ch"
"ns","visanaplus.ch","a14-64.akam.net","14400","False","visanaplus.ch"
"ns","visanaplus.ch","a13-66.akam.net","14400","False","visanaplus.ch"
"ns","visanaplus.ch","a1-113.akam.net","14400","False","visanaplus.ch"
"ns","visanaplus.ch","dns2.ixcloud.ch","14400","False","visanaplus.ch"
"ns","visanaplus.ch","dns1.ixcloud.ch","14400","False","visanaplus.ch"
"ns","visanatest.ch","a16-64.akam.net","14400","False","visanatest.ch"
"ns","visanatest.ch","a14-64.akam.net","14400","False","visanatest.ch"
"ns","visanatest.ch","a13-66.akam.net","14400","False","visanatest.ch"
"ns","visanatest.ch","a1-113.akam.net","14400","False","visanatest.ch"
"ns","visanatest.ch","dns2.ixcloud.ch","14400","False","visanatest.ch"
"ns","visanatest.ch","dns1.ixcloud.ch","14400","False","visanatest.ch"
"ns","viva-care.ch","a16-64.akam.net","14400","False","viva-care.ch"
"ns","viva-care.ch","a14-64.akam.net","14400","False","viva-care.ch"
"ns","viva-care.ch","a13-66.akam.net","14400","False","viva-care.ch"
"ns","viva-care.ch","a1-113.akam.net","14400","False","viva-care.ch"
"ns","viva-care.ch","dns2.ixcloud.ch","14400","False","viva-care.ch"
"ns","viva-care.ch","dns1.ixcloud.ch","14400","False","viva-care.ch"
"ns","vivacare.ch","a16-64.akam.net","14400","False","vivacare.ch"
"ns","vivacare.ch","a14-64.akam.net","14400","False","vivacare.ch"
"ns","vivacare.ch","a13-66.akam.net","14400","False","vivacare.ch"
"ns","vivacare.ch","a1-113.akam.net","14400","False","vivacare.ch"
"ns","vivacare.ch","dns2.ixcloud.ch","14400","False","vivacare.ch"
"ns","vivacare.ch","dns1.ixcloud.ch","14400","False","vivacare.ch"
"ns","vorsorge-konto.ch","a16-64.akam.net","14400","False","vorsorge-konto.ch"
"ns","vorsorge-konto.ch","a14-64.akam.net","14400","False","vorsorge-konto.ch"
"ns","vorsorge-konto.ch","a13-66.akam.net","14400","False","vorsorge-konto.ch"
"ns","vorsorge-konto.ch","a1-113.akam.net","14400","False","vorsorge-konto.ch"
"ns","vorsorge-konto.ch","dns2.ixcloud.ch","14400","False","vorsorge-konto.ch"
"ns","vorsorge-konto.ch","dns1.ixcloud.ch","14400","False","vorsorge-konto.ch"
"ns","vsrb.ch","a16-64.akam.net","14400","False","vsrb.ch"
"ns","vsrb.ch","a14-64.akam.net","14400","False","vsrb.ch"
"ns","vsrb.ch","a13-66.akam.net","14400","False","vsrb.ch"
"ns","vsrb.ch","a1-113.akam.net","14400","False","vsrb.ch"
"ns","vsrb.ch","dns2.ixcloud.ch","14400","False","vsrb.ch"
"ns","vsrb.ch","dns1.ixcloud.ch","14400","False","vsrb.ch"
"ns","wwwvisana.ch","a16-64.akam.net","14400","False","wwwvisana.ch"
"ns","wwwvisana.ch","a14-64.akam.net","14400","False","wwwvisana.ch"
"ns","wwwvisana.ch","a13-66.akam.net","14400","False","wwwvisana.ch"
"ns","wwwvisana.ch","a1-113.akam.net","14400","False","wwwvisana.ch"
"ns","wwwvisana.ch","dns2.ixcloud.ch","14400","False","wwwvisana.ch"
"ns","wwwvisana.ch","dns1.ixcloud.ch","14400","False","wwwvisana.ch"
"ns","zukunftistjetzt.ch","a14-64.akam.net","14400","False","zukunftistjetzt.ch"
"ns","zukunftistjetzt.ch","a13-66.akam.net","14400","False","zukunftistjetzt.ch"
"ns","zukunftistjetzt.ch","a1-113.akam.net","14400","False","zukunftistjetzt.ch"
"ns","zukunftistjetzt.ch","dns2.ixcloud.ch","14400","False","zukunftistjetzt.ch"
"ns","zukunftistjetzt.ch","dns1.ixcloud.ch","14400","False","zukunftistjetzt.ch"
